174,154,123,,0
184,168,140,,0
189,174,148,,0
190,175,148,,0
193,178,151,,0
198,183,156,,1
195,180,153,,0
195,180,153,,0
195,180,153,,0
194,179,152,,1
192,176,149,,0
186,171,141,,1
185,170,139,,0
186,169,139,,0
184,163,135,,0
184,160,133,,0
178,150,125,,0
169,139,114,,0
163,130,105,,0
151,119,93,,0
191,179,154,,0
191,181,156,,0
196,186,162,,1
197,188,164,,0
199,190,165,,1
200,191,167,,0
201,192,168,,1
197,188,164,,0
197,188,164,,1
197,188,164,,0
195,186,162,,0
193,184,159,,0
194,184,158,,0
195,185,157,,0
195,183,156,,1
197,182,156,,0
193,177,150,,1
194,174,148,,0
192,170,144,,1
189,164,139,,0
187,162,136,,1
176,153,128,,0
170,148,122,,0
156,133,108,,0
148,124,99,,0
141,116,91,,0
123,98,71,,0
134,109,84,,0
144,121,95,,0
169,150,125,,0
183,166,142,,0
198,183,162,,1
200,189,168,,0
195,187,167,,1
199,192,173,,1
202,197,177,,1
200,195,173,,1
202,197,175,,1
200,195,174,,1
199,194,172,,1
193,188,166,,0
194,189,168,,0
197,192,171,,0
194,189,168,,1
192,186,165,,0
192,184,163,,0
193,185,162,,1
193,184,161,,0
195,185,161,,0
193,181,157,,0
195,182,156,,0
195,182,156,,0
191,177,151,,0
189,173,147,,0
183,168,143,,0
179,164,139,,0
174,158,132,,1
170,152,126,,0
168,146,120,,0
161,137,111,,0
155,129,102,,0
153,126,99,,0
137,109,82,,0
118,91,64,,0
106,81,54,,0
150,126,95,,0
160,141,114,,0
175,158,133,,1
183,166,142,,0
197,182,160,,1
195,184,164,,0
193,184,166,,0
199,192,175,,1
201,196,179,,1
202,199,183,,1
199,197,180,,1
198,197,177,,1
199,198,178,,1
198,197,177,,1
198,196,177,,1
191,190,170,,0
192,191,171,,0
194,193,173,,0
192,191,171,,0
191,189,168,,0
193,187,169,,0
190,183,166,,0
188,182,162,,0
190,184,163,,0
191,185,163,,0
191,186,161,,0
191,186,160,,0
193,188,161,,0
190,185,158,,0
188,182,156,,1
184,176,150,,0
188,179,152,,0
184,171,145,,0
178,162,135,,0
177,158,131,,1
172,151,121,,0
172,148,119,,0
164,138,108,,0
150,126,95,,0
139,115,86,,0
133,106,80,,0
118,89,66,,0
109,76,57,,0
168,140,110,,0
178,155,126,,0
188,173,147,,0
192,180,156,,0
195,186,161,,0
194,187,163,,0
196,190,171,,0
202,196,179,,1
202,198,182,,1
196,194,180,,1
199,197,184,,1
199,198,183,,1
197,198,180,,1
197,198,179,,1
197,199,180,,1
199,201,182,,1
198,201,181,,1
198,199,180,,1
195,197,176,,1
196,196,176,,1
196,193,175,,1
194,188,173,,0
185,179,163,,0
180,175,157,,0
184,181,161,,0
182,181,160,,0
185,184,161,,0
184,184,160,,0
181,182,157,,0
187,188,163,,0
189,188,164,,0
188,184,161,,0
190,185,160,,0
186,179,152,,0
189,179,151,,0
189,174,146,,0
186,170,141,,0
184,165,135,,0
178,157,126,,1
178,156,125,,0
170,148,117,,0
164,138,110,,0
153,123,99,,0
134,101,80,,0
123,89,72,,0
188,171,144,,0
195,180,155,,1
193,184,157,,0
192,186,158,,0
194,188,162,,1
196,190,166,,0
195,191,168,,0
195,192,171,,0
197,194,176,,1
198,197,180,,1
201,199,183,,1
203,201,185,,1
204,203,188,,1
202,203,188,,1
200,203,188,,1
203,206,192,,1
204,207,193,,1
201,202,187,,1
198,199,179,,1
200,197,177,,1
200,194,175,,1
199,192,173,,1
192,187,166,,0
188,183,161,,0
187,184,160,,0
187,185,160,,0
185,184,160,,0
191,190,168,,0
190,189,169,,0
192,193,174,,0
190,189,168,,0
187,185,164,,0
187,185,163,,0
192,189,164,,0
194,188,163,,0
191,183,157,,0
196,187,159,,0
193,181,153,,0
190,176,148,,0
187,170,141,,0
182,162,131,,0
179,156,128,,0
173,148,121,,1
159,131,107,,0
155,125,104,,0
140,110,90,,0
108,77,59,,0
82,50,34,,0
190,178,149,,0
195,184,158,,0
197,188,165,,0
196,190,164,,0
195,190,163,,0
197,191,166,,0
198,193,169,,1
198,193,172,,1
199,197,177,,1
204,201,184,,1
206,204,188,,1
203,201,186,,1
204,203,187,,1
204,203,188,,1
202,203,189,,1
203,206,192,,1
203,207,193,,1
203,207,193,,1
201,203,187,,1
201,199,182,,1
204,199,180,,1
201,195,175,,1
198,192,170,,0
195,190,167,,0
192,188,163,,0
190,188,160,,0
187,186,158,,0
190,189,163,,0
189,188,166,,0
188,187,169,,0
192,191,175,,0
195,194,174,,1
192,190,170,,0
190,188,167,,0
192,189,167,,0
193,187,164,,0
192,186,162,,0
196,189,163,,0
195,185,160,,0
192,182,156,,0
192,178,151,,0
191,173,142,,0
188,169,139,,0
186,165,138,,0
178,156,131,,0
174,149,125,,0
160,133,111,,0
134,105,85,,0
108,77,59,,0
94,64,49,,0
194,180,146,,0
196,184,153,,0
195,186,157,,1
195,188,161,,0
196,190,166,,0
197,191,167,,0
195,190,166,,0
196,191,168,,0
197,193,172,,1
199,196,176,,1
206,203,184,,1
206,204,188,,1
207,205,191,,1
206,204,190,,1
208,206,191,,1
205,204,189,,1
202,204,191,,1
205,209,195,,1
204,208,194,,1
203,207,193,,1
202,203,188,,1
203,201,184,,1
205,200,181,,1
201,194,175,,1
196,190,168,,0
196,190,166,,0
194,189,162,,0
191,188,159,,0
191,189,160,,0
196,195,168,,1
190,189,166,,0
193,192,172,,0
198,197,179,,1
197,195,177,,1
195,192,174,,0
194,191,173,,0
195,192,172,,0
195,190,170,,0
196,190,167,,0
197,190,167,,0
197,189,167,,0
196,187,166,,0
199,187,160,,0
196,182,153,,0
192,177,148,,0
191,175,148,,0
187,169,143,,0
187,167,143,,0
173,149,127,,0
152,126,106,,0
138,111,92,,0
122,94,77,,0
109,81,70,,0
199,187,158,,0
199,190,160,,1
198,191,161,,0
197,192,164,,0
196,193,166,,0
196,193,168,,0
196,191,169,,0
193,188,167,,0
194,189,169,,0
198,194,175,,1
201,198,181,,1
207,204,189,,1
206,204,191,,1
205,204,192,,1
207,206,194,,1
208,207,194,,1
207,206,192,,1
204,206,192,,1
205,208,195,,1
206,210,196,,1
204,208,194,,1
202,205,189,,1
202,202,184,,1
201,197,178,,1
197,190,170,,0
191,185,161,,0
190,183,157,,0
189,184,155,,0
189,186,156,,0
190,187,158,,0
183,181,152,,0
181,180,154,,0
191,190,168,,0
196,194,175,,1
196,193,176,,1
194,191,175,,0
196,193,177,,1
200,196,180,,1
200,194,177,,1
198,192,175,,1
197,190,173,,0
200,193,176,,1
200,193,175,,1
196,189,164,,0
191,183,153,,0
191,182,154,,0
195,184,157,,0
193,180,154,,0
189,173,148,,0
190,172,147,,0
185,165,142,,0
174,153,132,,0
149,125,107,,0
130,102,89,,0
104,77,66,,0
198,186,162,,0
201,191,166,,1
200,193,167,,1
199,193,167,,1
195,191,164,,0
194,192,165,,0
194,193,166,,0
192,191,165,,0
194,191,168,,0
193,189,168,,0
194,191,171,,0
199,196,178,,1
202,200,183,,1
204,202,188,,1
209,207,195,,1
209,209,197,,1
207,207,196,,1
207,205,193,,1
209,208,193,,1
206,208,194,,1
204,208,194,,1
207,211,197,,1
205,208,194,,1
203,205,190,,1
202,201,183,,1
201,196,177,,1
195,188,166,,0
189,182,156,,0
186,179,151,,0
185,179,150,,0
187,183,152,,0
190,186,155,,0
176,173,143,,0
178,176,149,,0
191,189,165,,0
196,194,174,,1
197,193,177,,1
196,192,177,,1
198,195,180,,1
198,194,179,,1
199,194,179,,1
199,194,178,,1
197,192,176,,1
201,195,180,,1
201,196,180,,1
199,194,172,,1
195,190,163,,0
194,189,161,,0
194,188,160,,0
190,182,155,,0
192,180,154,,0
194,180,154,,0
189,173,148,,0
184,167,144,,0
169,149,128,,0
157,131,114,,1
131,104,87,,0
109,81,65,,0
89,61,46,,0
199,189,168,,0
201,192,172,,1
204,197,177,,1
203,196,176,,1
197,193,171,,1
191,189,166,,0
190,190,165,,0
194,194,168,,0
194,195,167,,1
195,193,170,,0
195,193,172,,0
196,193,173,,1
198,196,177,,1
199,198,180,,1
203,203,187,,1
205,205,192,,1
205,205,193,,1
207,208,196,,1
205,206,193,,1
208,207,192,,1
208,210,196,,1
206,209,195,,1
205,209,195,,1
203,207,193,,1
203,206,190,,1
200,199,181,,1
201,197,177,,1
195,189,166,,0
190,183,155,,0
189,182,153,,0
186,180,148,,0
183,178,144,,0
187,182,148,,0
183,180,149,,0
183,180,151,,0
188,187,161,,0
195,193,170,,0
195,189,172,,0
195,189,173,,0
198,194,179,,1
196,193,177,,1
200,197,182,,1
198,195,180,,1
200,197,182,,1
201,197,184,,1
199,197,184,,1
197,195,174,,1
196,194,166,,1
194,192,164,,0
192,188,161,,0
192,186,160,,0
191,183,157,,0
191,180,154,,0
190,178,152,,0
188,173,148,,0
183,165,142,,0
173,150,130,,0
159,132,111,,0
133,105,84,,0
108,79,58,,0
85,57,38,,0
199,189,169,,0
200,193,173,,1
205,198,181,,1
202,196,179,,1
198,192,175,,1
195,190,173,,0
195,193,174,,1
194,194,171,,0
192,192,166,,0
195,195,168,,1
197,196,171,,1
202,200,176,,1
199,198,176,,1
195,195,174,,1
197,197,177,,1
199,201,183,,1
200,202,186,,1
199,202,187,,1
204,206,193,,1
203,204,190,,1
206,205,191,,1
207,209,195,,1
204,208,194,,1
202,206,192,,1
204,208,194,,1
203,205,190,,1
199,198,181,,1
197,192,173,,0
191,185,163,,0
192,183,154,,0
195,186,155,,0
183,177,144,,0
177,171,136,,0
182,177,142,,0
184,179,147,,0
185,181,151,,0
190,186,159,,0
192,188,163,,0
194,189,169,,0
197,191,173,,0
198,194,176,,1
196,193,176,,1
198,196,179,,1
196,194,179,,1
200,199,184,,1
201,201,187,,1
198,198,184,,1
195,194,176,,1
194,193,170,,0
194,191,167,,0
194,190,165,,0
195,189,165,,0
195,188,163,,0
194,184,157,,0
191,180,153,,0
189,176,150,,0
186,170,145,,0
180,160,136,,0
167,143,117,,0
151,124,98,,0
139,109,83,,0
112,83,60,,0
199,194,174,,1
203,198,179,,1
202,196,181,,1
198,192,179,,1
199,193,181,,1
200,195,183,,1
203,200,183,,1
199,196,176,,1
189,187,163,,0
189,188,160,,0
198,197,169,,1
202,202,175,,1
199,199,172,,1
193,194,169,,0
194,195,173,,1
196,198,178,,1
195,198,180,,1
194,197,181,,1
202,205,189,,1
205,207,190,,1
206,205,190,,1
202,204,190,,1
199,203,189,,1
203,207,193,,1
205,209,195,,1
202,204,189,,1
200,198,181,,1
194,189,170,,0
191,183,161,,0
191,182,152,,0
184,175,143,,0
172,163,129,,0
170,164,128,,0
181,176,139,,0
182,178,143,,0
184,180,149,,0
187,183,155,,0
187,183,156,,0
190,185,163,,0
196,191,170,,0
197,194,173,,1
198,196,176,,1
198,197,178,,1
198,197,179,,1
201,202,186,,1
202,204,187,,1
199,201,186,,1
198,197,179,,1
199,197,176,,1
197,195,174,,1
197,193,170,,1
198,192,168,,0
197,190,164,,0
195,185,159,,0
193,182,156,,0
189,176,150,,0
183,168,141,,0
157,142,114,,0
151,131,102,,0
170,145,115,,0
162,134,106,,0
156,127,101,,0
125,100,79,,0
200,194,173,,1
204,201,181,,1
201,197,178,,1
206,200,183,,1
204,199,184,,1
207,201,189,,1
208,202,191,,1
208,201,191,,1
209,203,190,,1
204,199,181,,1
194,190,168,,0
190,187,160,,0
197,197,167,,1
197,197,167,,1
194,194,165,,0
192,192,166,,0
191,193,169,,0
194,196,174,,1
191,194,173,,0
191,195,175,,1
200,204,185,,1
206,207,191,,1
207,206,191,,1
203,204,190,,1
199,203,189,,1
202,206,192,,1
203,207,193,,1
200,201,186,,1
200,198,181,,1
193,188,169,,0
191,182,160,,0
182,172,142,,0
169,160,126,,0
161,154,118,,0
164,159,121,,0
175,170,133,,0
175,170,134,,0
175,170,138,,0
178,173,144,,0
178,174,146,,0
184,180,154,,0
194,189,165,,0
196,193,169,,0
200,198,176,,1
199,198,178,,1
200,201,181,,1
202,204,185,,1
203,206,188,,1
201,204,187,,1
202,202,183,,1
204,201,181,,1
202,198,178,,1
201,196,174,,1
201,194,171,,1
199,190,165,,0
200,188,163,,0
200,187,161,,0
192,179,152,,0
182,169,141,,0
162,148,119,,0
163,146,115,,0
186,163,131,,0
182,157,125,,0
174,147,119,,1
141,116,94,,0
90,70,55,,0
207,201,179,,1
204,201,181,,1
204,202,182,,1
202,200,185,,1
203,202,188,,1
209,207,195,,1
209,206,195,,1
207,204,192,,1
207,204,189,,1
205,202,181,,1
200,197,172,,1
195,192,163,,0
197,193,164,,0
195,191,162,,0
189,185,156,,0
193,188,160,,0
194,190,164,,0
197,195,170,,1
192,192,171,,0
191,194,176,,0
199,203,186,,1
203,205,190,,1
205,204,191,,1
205,206,193,,1
202,204,192,,1
199,203,189,,1
202,205,191,,1
200,201,185,,1
197,196,176,,1
193,188,166,,0
187,181,154,,0
169,162,128,,0
163,156,119,,0
153,147,110,,0
162,157,119,,0
173,168,132,,0
168,164,128,,0
167,163,128,,0
172,168,136,,0
170,166,136,,0
181,177,146,,0
191,187,158,,0
196,194,166,,1
200,199,175,,1
200,201,179,,1
200,203,182,,1
202,204,187,,1
204,205,188,,1
204,204,188,,1
202,201,184,,1
202,200,180,,1
203,199,180,,1
201,197,176,,1
201,196,174,,1
201,194,171,,1
202,195,170,,1
201,191,167,,0
193,184,158,,0
187,176,150,,0
187,172,147,,0
183,167,140,,0
187,168,140,,0
187,165,136,,0
172,149,122,,0
152,130,107,,0
118,96,79,,0
202,198,175,,1
199,198,176,,1
203,203,184,,1
203,205,190,,1
205,207,193,,1
209,211,198,,1
211,211,198,,1
207,206,192,,1
206,205,187,,1
203,203,179,,1
201,200,173,,1
196,194,163,,0
198,192,163,,0
198,188,160,,0
189,179,151,,0
194,185,155,,0
198,189,161,,0
197,190,164,,0
194,190,169,,0
193,194,175,,1
197,200,183,,1
202,203,190,,1
207,206,194,,1
208,208,196,,1
206,208,197,,1
204,207,194,,1
201,204,189,,1
198,200,182,,1
196,195,173,,1
197,192,167,,0
188,183,152,,0
169,162,124,,0
157,151,111,,0
159,152,114,,0
167,162,124,,0
163,159,121,,0
167,162,125,,0
166,161,126,,0
168,165,130,,0
173,169,135,,0
184,179,143,,0
190,185,151,,0
195,192,163,,0
198,198,173,,1
198,201,179,,1
201,204,185,,1
203,204,188,,1
205,204,189,,1
205,202,187,,1
202,200,182,,1
201,200,180,,1
202,201,180,,1
200,198,177,,1
198,196,175,,1
202,198,176,,1
202,197,174,,1
198,193,169,,1
196,190,166,,0
195,186,164,,0
193,179,158,,0
189,173,150,,0
190,174,149,,0
189,171,146,,0
181,163,138,,0
168,147,124,,0
140,117,97,,0
109,85,69,,0
200,193,169,,1
200,196,173,,1
197,196,175,,1
197,198,177,,1
202,205,184,,1
205,208,193,,1
209,211,197,,1
211,213,200,,1
212,212,200,,1
209,208,195,,1
207,206,189,,1
204,203,182,,1
202,200,176,,1
197,194,166,,1
195,189,160,,0
195,187,157,,0
191,183,152,,0
192,183,152,,0
195,186,156,,0
196,190,161,,0
195,192,167,,0
195,197,174,,1
197,201,181,,1
198,200,186,,1
201,201,188,,1
203,205,192,,1
204,206,195,,1
203,206,195,,1
205,207,194,,1
200,201,185,,1
197,196,175,,1
194,191,167,,0
180,175,146,,0
176,169,132,,0
174,166,127,,0
162,154,115,,0
172,165,127,,0
168,162,124,,0
164,158,120,,0
162,156,119,,0
162,156,119,,0
168,163,127,,0
180,174,139,,0
185,180,147,,0
193,191,161,,0
199,199,175,,1
200,202,181,,1
204,207,189,,1
205,206,190,,1
204,204,189,,1
204,202,187,,1
204,203,186,,1
205,204,184,,1
203,202,182,,1
200,198,177,,1
199,197,176,,1
201,197,175,,1
200,195,173,,1
200,194,171,,1
194,188,164,,0
193,185,163,,0
192,181,161,,0
193,181,159,,0
195,180,156,,0
191,175,149,,0
186,167,142,,0
175,154,131,,0
159,134,114,,0
143,116,101,,0
112,86,74,,0
206,204,179,,1
198,198,176,,1
198,200,178,,1
198,202,181,,1
196,199,180,,1
205,209,192,,1
211,213,199,,1
209,211,198,,1
210,212,199,,1
209,210,196,,1
208,208,192,,1
206,205,185,,1
203,203,179,,1
197,197,169,,1
189,185,154,,0
191,185,152,,0
192,184,152,,0
188,179,145,,0
190,181,149,,0
193,188,156,,0
193,190,160,,0
193,194,168,,0
194,198,175,,1
198,200,182,,1
200,201,188,,1
202,204,191,,1
203,206,195,,1
204,207,196,,1
201,205,191,,1
199,201,185,,1
198,197,177,,1
195,192,170,,0
183,178,150,,0
179,172,136,,0
171,163,126,,0
165,157,119,,0
174,166,128,,0
172,164,125,,0
160,152,113,,0
158,150,112,,0
162,154,116,,0
169,161,123,,0
171,165,129,,0
181,178,145,,0
194,193,164,,0
200,202,178,,1
202,206,186,,1
205,208,191,,1
204,207,190,,1
204,205,189,,1
205,205,189,,1
206,205,188,,1
207,206,187,,1
204,203,183,,1
202,199,180,,1
202,200,179,,1
201,196,176,,1
201,196,174,,1
204,198,176,,1
190,184,162,,0
187,181,159,,0
193,186,166,,0
193,186,163,,0
192,182,158,,0
188,174,149,,0
188,170,145,,0
182,161,138,,0
171,144,125,,0
157,128,112,,0
125,96,83,,0
78,64,54,,0
201,199,175,,1
200,201,179,,1
200,202,181,,1
202,206,186,,1
202,208,188,,1
201,207,187,,1
208,212,195,,1
213,217,202,,1
211,214,200,,1
211,213,200,,1
209,211,198,,1
207,208,193,,1
205,206,187,,1
203,203,180,,1
197,197,172,,1
188,185,154,,0
183,178,145,,0
183,177,142,,0
181,173,138,,0
187,179,145,,0
184,178,145,,0
181,177,146,,0
180,180,151,,0
184,187,160,,0
193,195,175,,1
198,199,186,,1
199,201,188,,1
199,203,192,,1
199,205,193,,1
197,202,188,,1
199,202,188,,1
196,197,180,,1
193,191,170,,0
186,180,156,,0
181,174,140,,0
171,163,128,,0
180,172,136,,0
180,171,134,,0
171,161,124,,0
157,148,109,,0
150,141,100,,0
143,132,91,,0
153,142,102,,0
164,158,125,,0
184,180,152,,0
198,196,170,,1
198,199,178,,1
202,205,186,,1
203,207,190,,1
204,207,190,,1
204,206,190,,1
208,208,190,,1
208,207,189,,1
206,205,187,,1
204,203,185,,1
203,200,181,,1
206,203,184,,1
206,201,181,,1
204,199,179,,1
208,203,181,,1
197,191,169,,0
196,191,170,,0
196,192,173,,0
194,189,167,,0
189,182,157,,0
186,174,148,,0
185,169,143,,0
183,161,138,,0
171,145,125,,0
154,124,107,,0
122,92,77,,0
95,78,63,,0
59,48,36,,0
201,202,179,,1
201,203,182,,1
203,206,187,,1
205,209,191,,1
206,211,194,,1
207,214,196,,1
207,213,196,,1
207,214,197,,1
210,214,199,,1
211,214,202,,1
209,211,199,,1
207,209,195,,1
206,207,191,,1
202,204,184,,1
199,200,177,,1
192,189,160,,0
187,183,151,,0
181,176,143,,0
181,175,140,,0
185,177,142,,0
182,176,142,,0
176,172,140,,0
173,171,142,,0
181,181,154,,0
192,193,172,,0
198,200,186,,1
197,201,187,,1
199,205,193,,1
199,206,195,,1
200,206,194,,1
201,205,191,,1
198,199,185,,1
195,194,177,,1
186,182,162,,0
175,169,141,,0
176,170,140,,0
181,175,143,,0
183,175,140,,0
170,162,126,,0
152,143,104,,0
140,130,89,,0
136,124,82,,0
153,143,101,,0
171,166,135,,0
189,186,159,,0
198,197,174,,1
198,201,181,,1
203,207,190,,1
204,208,193,,1
203,207,190,,1
204,207,190,,1
206,208,190,,1
206,206,189,,1
204,202,187,,1
203,201,185,,1
204,201,184,,1
206,203,184,,1
206,202,182,,1
204,199,179,,1
205,199,180,,1
203,196,177,,1
200,195,176,,1
197,195,176,,1
193,189,168,,0
190,183,160,,0
186,175,149,,0
182,166,140,,0
173,153,128,,0
174,148,127,,0
157,128,109,,0
138,109,91,,0
108,89,70,,0
72,58,41,,0
198,198,177,,1
197,199,178,,1
203,206,186,,1
206,210,191,,1
207,211,194,,1
208,213,197,,1
209,214,198,,1
207,215,196,,1
210,217,199,,1
207,212,198,,1
208,212,200,,1
209,212,200,,1
208,210,197,,1
206,208,194,,1
203,205,187,,1
200,201,181,,1
197,195,169,,1
195,191,161,,0
190,185,155,,0
186,180,149,,0
184,178,146,,0
182,176,143,,0
178,173,142,,0
177,174,144,,0
186,185,158,,0
192,194,173,,0
196,199,184,,1
199,204,189,,1
201,207,195,,1
196,204,193,,1
197,205,194,,1
199,204,192,,1
199,200,187,,1
199,198,183,,1
192,190,172,,0
183,180,157,,0
182,178,153,,0
181,177,150,,0
177,172,142,,0
166,160,126,,0
147,139,102,,0
135,127,87,,0
138,128,87,,0
164,154,112,,0
178,173,143,,0
189,187,163,,0
195,196,175,,1
197,201,182,,1
203,208,191,,1
203,210,194,,1
205,209,192,,1
206,209,191,,1
206,208,189,,1
209,208,192,,1
209,207,192,,1
206,204,189,,1
206,203,187,,1
206,203,185,,1
207,202,184,,1
205,200,181,,1
205,199,180,,1
205,198,179,,1
202,197,179,,1
200,196,179,,1
194,189,170,,0
190,183,161,,0
187,175,151,,0
179,165,139,,0
166,148,122,,0
174,150,127,,0
164,138,117,,0
138,111,91,,0
126,104,83,,0
93,75,56,,0
60,46,31,,0
198,197,176,,1
200,199,178,,1
199,199,180,,1
206,208,190,,1
209,211,195,,1
209,210,197,,1
210,211,198,,1
210,213,199,,1
207,215,195,,1
209,217,199,,1
205,211,197,,1
205,211,198,,1
207,211,200,,1
207,210,199,,1
207,209,196,,1
205,207,192,,1
202,203,185,,1
201,200,178,,1
195,194,168,,0
192,187,160,,0
190,184,155,,0
187,180,150,,0
183,175,145,,0
182,177,148,,0
177,173,145,,0
180,178,152,,0
189,190,169,,0
194,198,181,,1
194,200,185,,1
198,206,193,,1
196,206,195,,1
200,208,198,,1
201,206,196,,1
200,202,190,,1
201,200,187,,1
196,194,180,,1
190,190,172,,0
187,187,167,,0
185,184,161,,0
179,176,149,,0
163,158,128,,0
146,141,106,,0
146,139,101,,0
152,144,104,,0
164,156,116,,0
184,180,151,,0
191,190,168,,0
195,197,177,,1
199,202,185,,1
203,209,192,,1
205,212,196,,1
207,212,196,,1
208,212,193,,1
206,209,189,,1
206,205,189,,1
206,204,190,,1
206,204,190,,1
206,203,188,,1
206,203,186,,1
205,200,183,,1
203,197,179,,1
202,196,178,,1
204,197,178,,1
204,197,179,,1
203,197,182,,1
197,190,173,,0
194,185,165,,0
191,180,156,,0
181,168,142,,0
176,159,133,,0
183,163,138,,0
167,144,121,,0
137,114,91,,0
138,113,93,,0
118,95,78,,0
75,56,42,,0
198,197,175,,1
201,199,179,,1
198,197,177,,1
205,204,186,,1
208,208,192,,1
210,210,196,,1
208,208,196,,1
208,207,197,,1
208,210,197,,1
205,213,193,,1
202,211,193,,1
205,212,197,,1
205,211,198,,1
205,210,199,,1
208,211,201,,1
208,210,199,,1
206,208,195,,1
203,206,189,,1
199,200,180,,1
192,190,169,,0
187,183,159,,0
181,175,148,,0
173,166,138,,0
175,165,137,,0
172,165,138,,0
164,159,133,,0
171,168,144,,0
186,187,166,,0
191,196,180,,1
191,197,182,,1
196,204,190,,1
196,206,196,,1
203,210,202,,1
203,208,200,,1
202,203,193,,1
203,202,191,,1
198,198,185,,1
192,195,182,,1
192,195,180,,1
190,192,174,,0
183,184,162,,0
164,163,136,,0
139,137,104,,0
136,132,95,,0
156,150,111,,0
182,177,138,,0
194,190,163,,0
197,196,175,,1
200,201,182,,1
201,205,188,,1
203,210,193,,1
206,214,198,,1
207,214,197,,1
207,212,193,,1
206,210,189,,1
206,207,189,,1
207,205,192,,1
209,207,194,,1
210,207,192,,1
209,206,190,,1
204,199,183,,1
200,195,177,,1
200,194,176,,1
202,195,177,,1
203,196,180,,1
204,194,181,,1
203,193,177,,1
202,192,173,,1
198,186,163,,0
196,183,156,,0
191,176,149,,0
185,168,141,,0
176,159,133,,0
175,157,132,,0
158,134,114,,0
142,116,100,,0
100,80,66,,0
201,199,177,,1
201,199,177,,1
195,194,174,,1
206,205,186,,1
207,207,191,,1
208,208,194,,1
206,206,194,,1
205,205,194,,1
204,206,193,,1
203,209,189,,1
200,207,188,,1
205,212,195,,1
205,211,197,,1
203,209,196,,1
207,210,199,,1
208,211,198,,1
208,209,195,,1
206,206,191,,1
203,204,187,,1
200,200,181,,1
196,192,171,,0
182,177,153,,0
169,162,137,,0
167,158,133,,0
160,153,128,,0
159,153,129,,0
177,172,150,,0
189,189,170,,0
190,195,180,,1
194,200,185,,1
197,205,191,,1
196,203,192,,1
201,208,197,,1
203,206,197,,1
203,205,194,,1
205,206,195,,1
202,204,191,,1
197,202,189,,1
195,199,185,,1
191,194,177,,0
184,186,166,,0
171,172,148,,0
150,149,120,,0
145,143,110,,0
165,162,126,,0
190,187,153,,0
197,196,173,,1
200,200,182,,1
204,205,188,,1
204,208,192,,1
204,210,194,,1
210,216,200,,1
208,213,197,,1
207,210,194,,1
208,210,192,,1
208,207,190,,1
206,205,189,,1
207,205,188,,1
205,203,185,,1
204,201,184,,1
203,200,182,,1
200,197,178,,1
198,193,174,,1
199,194,175,,1
203,197,179,,1
203,193,179,,1
204,195,179,,1
206,196,176,,1
201,191,167,,0
200,189,163,,0
194,183,156,,0
190,177,150,,0
191,177,150,,0
183,169,143,,0
183,162,141,,0
162,139,123,,0
121,101,89,,0
66,49,40,,0
200,197,175,,1
200,199,174,,1
197,197,172,,1
200,200,177,,1
202,204,184,,1
205,207,189,,1
205,209,193,,1
203,208,193,,1
200,205,191,,1
199,203,188,,1
204,205,186,,1
202,205,187,,1
203,208,190,,1
204,212,195,,1
201,209,193,,1
205,211,196,,1
209,211,196,,1
208,207,192,,1
206,203,188,,1
201,203,188,,1
200,202,186,,1
198,197,179,,1
195,192,170,,0
192,185,163,,0
184,176,153,,0
180,172,149,,0
180,174,152,,0
187,182,161,,0
189,189,172,,0
191,195,181,,1
196,200,186,,1
198,202,188,,1
201,205,192,,1
203,208,194,,1
205,208,195,,1
205,209,195,,1
203,206,193,,1
201,205,191,,1
201,205,191,,1
198,202,187,,1
193,196,180,,1
188,191,172,,0
180,182,162,,0
170,171,148,,0
166,167,140,,0
176,175,147,,0
193,193,166,,0
199,204,184,,1
202,207,191,,1
206,210,194,,1
207,211,196,,1
208,210,196,,1
212,214,200,,1
211,212,198,,1
209,210,196,,1
209,208,194,,1
206,205,188,,1
205,204,183,,1
207,206,185,,1
202,201,181,,1
202,201,181,,1
200,199,178,,1
197,195,175,,1
178,177,156,,0
168,167,146,,0
196,194,174,,1
202,199,179,,1
203,197,178,,1
202,196,174,,1
201,194,172,,1
202,195,171,,1
197,190,165,,0
192,184,159,,0
190,182,156,,0
184,175,149,,0
178,164,141,,0
164,147,128,,0
133,116,102,,0
90,72,64,,0
50,33,28,,0
195,185,163,,0
200,194,174,,1
201,198,176,,1
202,200,175,,1
197,196,171,,1
202,202,178,,1
205,207,185,,1
205,208,190,,1
205,208,191,,1
204,208,192,,1
203,207,193,,1
203,207,191,,1
207,207,190,,1
202,203,185,,1
201,205,187,,1
202,208,190,,1
201,208,191,,1
205,210,194,,1
208,209,195,,1
208,206,193,,1
207,203,190,,1
205,206,193,,1
202,203,189,,1
203,202,184,,1
203,198,179,,1
198,191,170,,0
197,189,166,,0
190,183,161,,0
187,180,160,,0
189,184,165,,0
190,190,174,,0
192,196,182,,1
198,202,188,,1
202,206,192,,1
205,209,195,,1
205,209,195,,1
206,210,196,,1
206,210,196,,1
205,209,195,,1
203,207,194,,1
203,206,195,,1
204,208,194,,1
199,203,189,,1
193,196,180,,1
189,192,173,,0
187,189,168,,0
186,188,165,,0
194,194,170,,0
202,203,179,,1
201,206,187,,1
203,208,193,,1
207,211,196,,1
208,212,197,,1
209,211,197,,1
209,211,197,,1
210,211,197,,1
208,209,195,,1
208,207,193,,1
209,208,191,,1
210,209,189,,1
206,205,185,,1
202,201,181,,1
204,203,183,,1
203,202,182,,1
191,190,170,,0
154,153,133,,0
128,127,107,,0
182,181,161,,0
204,202,181,,1
203,201,180,,1
204,199,177,,1
202,197,175,,1
199,193,170,,1
195,189,165,,0
195,187,163,,0
191,184,158,,0
189,181,155,,0
183,169,143,,0
170,154,132,,0
157,139,122,,0
123,103,93,,0
67,48,41,,0
202,192,170,,1
201,195,174,,1
201,198,174,,1
199,197,171,,1
195,194,169,,1
201,201,177,,1
203,202,181,,1
204,205,184,,1
205,207,188,,1
205,207,190,,1
203,206,188,,1
201,203,186,,1
200,197,180,,1
197,194,177,,1
198,199,180,,1
201,204,185,,1
202,205,188,,1
204,206,191,,1
207,207,193,,1
210,208,195,,1
211,207,195,,1
206,206,194,,1
201,202,188,,1
203,201,184,,1
204,199,180,,1
199,193,171,,1
200,194,172,,1
194,188,166,,0
192,186,167,,0
193,190,171,,0
194,194,179,,1
195,199,185,,1
200,204,190,,1
205,209,195,,1
206,210,196,,1
205,209,195,,1
206,210,196,,1
207,211,197,,1
207,211,197,,1
205,209,197,,1
203,209,199,,1
200,206,195,,1
198,202,190,,1
196,200,186,,1
194,198,183,,1
195,197,180,,1
198,199,180,,1
201,202,182,,1
203,204,184,,1
204,208,191,,1
205,210,195,,1
209,213,198,,1
210,214,199,,1
211,213,199,,1
209,211,197,,1
210,211,197,,1
209,210,196,,1
209,208,195,,1
207,206,189,,1
202,201,181,,1
200,199,179,,1
210,209,189,,1
203,202,182,,1
197,196,176,,1
193,192,172,,0
185,184,164,,0
168,167,147,,0
202,201,181,,1
203,201,180,,1
202,200,179,,1
201,199,178,,1
201,197,175,,1
198,192,170,,0
196,190,168,,0
197,190,166,,0
194,186,162,,0
191,183,158,,0
190,176,150,,0
181,165,140,,0
162,142,122,,0
134,112,98,,0
82,61,51,,0
73,53,46,,0
188,177,151,,0
202,195,172,,1
201,196,174,,1
200,197,173,,1
197,195,168,,1
196,195,169,,1
204,202,178,,1
201,199,177,,1
201,200,179,,1
204,203,182,,1
205,204,185,,1
200,200,181,,1
195,193,174,,1
190,184,166,,0
192,186,168,,0
198,195,175,,1
200,198,178,,1
202,201,181,,1
201,200,183,,1
204,201,188,,1
206,203,191,,1
209,205,195,,1
203,203,191,,1
203,204,188,,1
205,203,186,,1
205,201,182,,1
204,198,178,,1
201,195,175,,1
202,197,177,,1
200,197,178,,1
196,195,179,,1
196,197,182,,1
197,201,187,,1
201,205,191,,1
205,209,195,,1
204,208,194,,1
203,207,193,,1
205,209,195,,1
207,211,197,,1
207,211,197,,1
206,209,198,,1
204,209,201,,1
203,208,200,,1
201,206,196,,1
199,202,191,,1
197,201,188,,1
200,202,188,,1
203,204,190,,1
204,205,189,,1
203,204,188,,1
205,209,194,,1
207,212,197,,1
211,215,200,,1
212,216,201,,1
213,215,201,,1
211,213,199,,1
212,213,199,,1
211,212,198,,1
212,211,198,,1
210,208,192,,1
178,177,159,,0
159,158,140,,0
196,195,177,,1
206,205,187,,1
204,203,184,,1
199,198,180,,1
198,197,178,,1
185,184,165,,0
196,195,176,,1
202,201,181,,1
202,200,180,,1
201,199,178,,1
200,198,176,,1
200,195,174,,1
199,193,170,,1
198,192,169,,0
196,189,166,,0
189,182,156,,0
190,177,150,,0
183,166,140,,0
163,143,121,,0
144,121,103,,0
95,72,58,,0
77,55,46,,0
143,130,104,,0
206,197,171,,1
199,193,169,,1
203,198,174,,1
200,197,171,,1
192,191,163,,0
195,193,166,,0
203,200,174,,1
204,201,176,,1
204,201,178,,1
205,201,180,,1
204,201,180,,1
196,192,172,,0
186,182,160,,0
190,182,162,,0
191,182,160,,0
196,189,165,,0
195,189,165,,0
197,191,168,,0
197,192,172,,0
197,193,177,,1
201,197,185,,1
205,201,191,,1
205,206,193,,1
204,204,189,,1
203,200,183,,1
202,199,179,,1
204,198,178,,1
204,199,179,,1
198,195,177,,1
195,194,178,,1
194,196,181,,1
196,199,185,,1
198,202,188,,1
203,207,193,,1
206,210,196,,1
206,210,196,,1
205,209,195,,1
207,211,197,,1
209,213,199,,1
208,212,198,,1
206,210,198,,1
202,208,199,,1
204,210,201,,1
204,210,200,,1
201,207,196,,1
201,205,193,,1
202,204,192,,1
206,208,197,,1
207,209,196,,1
207,209,195,,1
207,211,196,,1
208,213,198,,1
210,214,199,,1
211,215,200,,1
212,214,200,,1
212,214,200,,1
212,213,199,,1
210,211,197,,1
210,209,196,,1
208,206,191,,1
194,193,175,,0
188,187,169,,0
207,206,188,,1
206,205,187,,1
202,201,183,,1
202,201,183,,1
206,205,187,,1
203,202,184,,1
206,205,187,,1
205,204,185,,1
202,201,181,,1
201,199,179,,1
201,200,179,,1
200,197,176,,1
198,193,172,,1
195,190,167,,0
192,187,164,,0
186,179,154,,0
188,176,148,,0
183,167,141,,0
167,149,124,,0
153,130,110,,0
112,87,72,,0
94,72,60,,0
176,167,142,,0
203,197,171,,1
203,198,173,,1
200,196,171,,1
189,186,159,,0
184,181,154,,0
195,191,164,,0
201,197,170,,1
201,196,171,,1
205,200,174,,1
202,197,172,,1
201,195,171,,1
195,188,165,,0
185,177,153,,0
183,171,146,,0
183,171,143,,0
184,173,143,,0
182,172,141,,0
185,176,146,,0
190,183,157,,0
195,189,169,,0
202,198,181,,1
204,201,189,,1
202,203,189,,1
200,199,184,,1
201,199,180,,1
204,200,181,,1
204,199,179,,1
203,199,180,,1
200,200,183,,1
198,200,186,,1
197,201,187,,1
197,201,187,,1
198,202,188,,1
204,208,194,,1
208,212,198,,1
206,210,196,,1
208,212,198,,1
208,212,198,,1
206,210,196,,1
205,209,195,,1
202,208,195,,1
202,211,199,,1
204,212,200,,1
205,212,201,,1
204,210,199,,1
205,210,199,,1
205,209,198,,1
209,212,201,,1
208,211,200,,1
207,209,197,,1
208,214,198,,1
208,213,198,,1
210,214,199,,1
211,214,199,,1
212,214,200,,1
211,213,199,,1
211,212,198,,1
209,210,196,,1
210,209,195,,1
209,207,193,,1
207,205,188,,1
205,204,187,,1
206,204,188,,1
207,206,189,,1
204,203,186,,1
203,202,185,,1
206,204,187,,1
204,203,186,,1
205,205,187,,1
205,205,187,,1
204,204,185,,1
203,202,183,,1
203,201,182,,1
201,199,178,,1
199,197,175,,1
195,191,170,,0
194,189,167,,0
187,181,158,,0
186,179,150,,0
184,172,145,,0
172,155,130,,0
160,137,116,,0
129,104,88,,0
104,82,69,,0
141,132,106,,0
196,192,167,,1
199,195,170,,1
203,199,172,,1
197,193,166,,0
187,183,156,,0
186,182,155,,0
194,190,163,,0
197,193,165,,0
195,189,162,,0
191,185,158,,0
193,185,159,,0
196,188,163,,0
191,181,155,,0
182,170,144,,0
182,167,139,,0
176,162,130,,0
167,152,118,,0
158,144,107,,0
165,152,116,,0
178,167,136,,0
187,180,154,,0
192,188,168,,0
190,188,173,,0
193,194,179,,1
197,197,180,,1
201,199,180,,1
204,200,181,,1
203,199,181,,1
200,198,180,,1
201,202,186,,1
200,204,190,,1
198,204,192,,1
200,205,192,,1
199,203,189,,1
203,207,193,,1
209,213,199,,1
205,209,195,,1
207,211,197,,1
205,209,195,,1
204,208,194,,1
205,209,195,,1
206,212,197,,1
206,216,200,,1
206,215,200,,1
207,215,200,,1
208,214,201,,1
208,214,202,,1
208,214,201,,1
210,214,202,,1
210,213,201,,1
211,213,201,,1
208,215,199,,1
209,214,199,,1
211,215,200,,1
212,215,200,,1
212,214,200,,1
210,212,198,,1
211,212,198,,1
211,212,198,,1
212,211,198,,1
211,209,195,,1
209,207,192,,1
207,205,190,,1
208,206,191,,1
209,207,192,,1
208,206,191,,1
205,203,188,,1
206,204,189,,1
205,203,188,,1
208,207,191,,1
205,206,188,,1
206,207,189,,1
206,206,188,,1
205,204,185,,1
204,202,182,,1
201,200,179,,1
197,194,173,,1
199,195,173,,1
189,185,162,,0
187,183,155,,0
185,177,149,,0
176,162,137,,0
164,143,122,,0
134,111,95,,0
98,76,65,,1
128,116,89,,0
158,152,126,,0
200,197,172,,1
198,196,171,,1
196,195,167,,1
194,191,162,,0
193,189,161,,0
194,190,163,,0
194,190,163,,0
194,189,160,,0
193,186,158,,0
189,182,154,,0
193,184,157,,0
199,189,161,,0
191,180,153,,0
182,169,139,,0
182,167,134,,0
173,157,120,,0
162,145,104,,0
149,133,90,,0
152,137,96,,0
164,152,116,,0
170,162,133,,0
179,175,151,,0
183,182,163,,0
185,186,169,,0
193,193,176,,0
200,198,179,,1
202,199,180,,1
203,200,181,,1
199,199,181,,1
199,201,186,,1
199,204,191,,1
197,204,195,,1
200,207,196,,1
202,206,192,,1
203,207,193,,1
208,212,198,,1
205,209,195,,1
205,209,195,,1
205,209,195,,1
207,211,197,,1
211,215,201,,1
211,217,202,,1
208,218,201,,1
206,217,200,,1
208,217,200,,1
209,217,201,,1
209,216,201,,1
210,216,202,,1
208,214,199,,1
211,215,201,,1
212,216,202,,1
208,214,198,,1
209,214,199,,1
211,215,200,,1
211,215,200,,1
211,213,199,,1
209,211,197,,1
210,211,197,,1
210,211,197,,1
212,211,198,,1
213,211,197,,1
212,210,195,,1
209,207,192,,1
207,205,190,,1
207,205,191,,1
210,208,193,,1
208,206,191,,1
209,207,192,,1
207,205,190,,1
208,207,192,,1
204,205,189,,1
205,206,188,,1
205,206,188,,1
205,205,186,,1
204,203,183,,1
203,201,181,,1
198,196,175,,1
198,196,175,,1
191,187,166,,0
189,188,162,,0
186,181,154,,0
180,168,144,,0
165,146,127,,0
138,116,101,,0
103,82,71,,0
107,89,61,,0
146,136,110,,0
187,182,158,,0
198,196,174,,1
198,197,173,,1
197,195,169,,1
195,191,162,,0
190,186,158,,0
198,194,167,,1
199,195,167,,1
198,192,165,,0
196,189,162,,0
197,189,160,,0
195,185,157,,0
196,184,155,,0
191,178,148,,0
183,170,137,,0
170,155,119,,0
165,148,108,,0
167,149,107,,0
162,144,99,,0
152,137,93,,0
151,138,100,,0
148,139,106,,0
157,153,124,,0
170,168,146,,0
174,175,156,,0
186,186,167,,0
196,194,175,,1
198,195,176,,1
200,198,180,,1
202,201,185,,1
200,201,187,,1
199,202,191,,1
199,205,195,,1
201,207,196,,1
204,208,194,,1
204,208,194,,1
204,208,194,,1
205,209,195,,1
204,208,194,,1
205,210,196,,1
208,213,199,,1
208,213,199,,1
208,215,199,,1
207,218,199,,1
205,217,197,,1
205,216,197,,1
207,217,200,,1
208,215,200,,1
209,216,201,,1
206,212,197,,1
209,213,199,,1
211,215,201,,1
207,213,197,,1
208,213,198,,1
209,213,198,,1
210,213,199,,1
211,213,199,,1
209,211,197,,1
209,211,197,,1
209,210,196,,1
210,209,195,,1
211,209,196,,1
210,208,194,,1
208,206,193,,1
208,206,192,,1
210,208,194,,1
207,205,191,,1
205,203,190,,1
207,205,192,,1
203,202,188,,1
203,203,188,,1
203,204,188,,1
201,204,187,,1
202,203,186,,1
203,204,187,,1
203,204,186,,1
207,205,186,,1
203,200,180,,1
198,196,176,,1
192,190,169,,0
191,190,165,,0
187,184,158,,0
185,175,152,,0
172,154,135,,0
147,126,111,,0
106,86,77,,0
131,113,88,,0
157,148,126,,0
192,189,170,,0
199,199,179,,1
200,198,179,,1
199,194,173,,1
194,187,164,,0
196,190,166,,0
201,196,172,,1
204,199,175,,1
201,196,172,,1
198,192,167,,0
200,193,166,,1
194,187,156,,0
192,184,148,,0
189,180,141,,0
182,170,132,,0
173,156,123,,0
168,150,117,,0
164,148,112,,0
160,144,107,,0
153,139,101,,0
137,128,89,,0
138,130,92,,0
139,133,95,,0
137,132,97,,0
154,152,122,,0
175,175,148,,0
186,186,162,,0
191,189,171,,0
192,193,178,,0
197,198,184,,1
199,200,186,,1
200,202,187,,1
203,205,190,,1
205,208,195,,1
205,208,198,,1
205,208,198,,1
206,209,198,,1
205,211,198,,1
205,211,197,,1
203,210,195,,1
205,213,197,,1
207,214,198,,1
205,213,195,,1
205,213,195,,1
206,214,197,,1
212,218,204,,1
213,218,206,,1
213,216,205,,1
211,213,202,,1
210,211,199,,1
212,213,199,,1
209,210,196,,1
211,212,198,,1
209,209,196,,1
211,212,199,,1
213,215,201,,1
210,212,198,,1
209,211,197,,1
208,210,197,,1
206,208,194,,1
203,205,192,,1
203,202,186,,1
204,201,184,,1
205,202,186,,1
206,203,187,,1
206,204,187,,1
205,205,188,,1
204,205,188,,1
202,203,185,,1
199,201,184,,1
202,203,187,,1
205,202,187,,1
202,200,187,,1
202,202,188,,1
201,202,189,,1
203,205,192,,1
202,203,188,,1
202,201,185,,1
202,199,181,,1
199,194,175,,1
192,188,167,,0
190,183,161,,0
191,178,157,,0
180,162,142,,0
153,131,115,,0
115,95,84,,0
61,49,44,,0
43,38,40,,0
109,85,61,,0
135,117,94,,0
178,169,148,,0
202,199,179,,1
203,202,183,,1
196,194,174,,1
195,189,170,,0
197,189,168,,0
200,194,172,,1
200,197,175,,1
204,199,178,,1
202,197,176,,1
201,196,173,,1
199,193,167,,1
196,190,159,,0
193,187,150,,0
189,183,141,,0
188,179,138,,0
186,171,136,,0
177,161,127,,0
169,153,118,,0
162,148,111,,0
152,139,101,,0
146,134,94,,0
135,124,84,,0
131,121,80,,0
112,104,64,,0
126,121,85,,0
159,156,123,,0
175,172,144,,0
180,178,156,,0
189,188,171,,0
194,193,178,,1
201,202,186,,1
205,206,189,,1
205,206,189,,1
206,208,194,,1
206,209,198,,1
206,209,198,,1
206,210,197,,1
205,210,196,,1
203,209,195,,1
205,211,197,,1
206,213,197,,1
205,213,196,,1
205,212,196,,1
207,214,196,,1
209,216,200,,1
211,215,201,,1
210,213,203,,1
209,211,203,,1
209,210,201,,1
212,212,200,,1
214,215,200,,1
210,211,195,,1
211,209,194,,1
210,209,195,,1
211,210,195,,1
212,211,195,,1
210,209,193,,1
205,205,188,,1
204,205,185,,1
201,203,183,,1
200,201,181,,1
202,199,177,,1
203,198,174,,1
203,199,175,,1
204,199,177,,1
203,199,177,,1
201,199,178,,1
201,201,179,,1
199,199,178,,1
200,200,180,,1
204,203,184,,1
205,201,185,,1
204,200,186,,1
203,202,190,,1
201,203,191,,1
203,205,193,,1
201,203,189,,1
201,201,186,,1
200,198,180,,1
197,192,173,,0
193,188,167,,0
195,187,165,,0
194,180,158,,0
183,163,143,,0
159,136,120,,0
122,102,90,,0
65,52,47,,0
44,39,40,,0
107,81,57,,0
117,94,70,,0
150,133,109,,0
199,189,169,,0
199,197,176,,1
198,197,178,,1
192,190,170,,0
195,189,170,,0
197,190,171,,0
200,196,174,,1
199,197,176,,1
200,197,176,,1
199,195,175,,1
202,197,175,,1
202,197,172,,1
201,196,166,,1
194,189,154,,0
187,182,144,,0
188,180,140,,0
186,173,135,,0
178,164,126,,0
170,156,117,,0
162,148,109,,0
155,141,101,,0
149,136,94,,0
139,126,83,,0
134,120,77,,0
137,124,80,,0
136,127,86,,0
134,128,89,,0
151,145,111,,0
176,171,142,,0
183,179,156,,0
192,191,170,,0
196,196,178,,1
198,199,181,,1
201,203,185,,1
204,207,190,,1
206,210,194,,1
208,212,196,,1
206,210,195,,1
205,209,194,,1
203,207,192,,1
208,213,198,,1
208,213,198,,1
205,210,196,,1
207,212,196,,1
205,210,192,,1
209,214,198,,1
208,212,198,,1
208,211,199,,1
209,211,201,,1
211,212,201,,1
214,214,201,,1
213,213,197,,1
208,208,192,,1
208,208,189,,1
211,209,189,,1
208,206,186,,1
206,205,183,,1
208,205,182,,1
205,202,176,,1
201,198,170,,1
197,192,163,,0
194,190,159,,0
196,189,157,,0
197,190,156,,0
197,191,157,,0
197,192,160,,0
197,191,162,,0
197,193,165,,0
198,195,169,,1
199,195,171,,1
201,198,175,,1
205,200,180,,1
205,199,182,,1
204,201,185,,1
203,202,189,,1
203,205,192,,1
204,206,193,,1
202,203,190,,1
202,201,186,,1
201,198,181,,1
197,192,173,,0
187,182,161,,0
190,183,160,,0
191,177,155,,0
183,163,142,,0
165,143,125,,0
134,113,101,,0
71,58,52,,0
44,38,39,,0
35,35,40,,0
112,88,65,,0
126,106,81,,0
159,143,119,,0
202,192,170,,1
203,199,178,,1
199,198,178,,1
197,196,176,,1
205,202,183,,1
209,204,184,,1
209,206,186,,1
208,207,186,,1
207,206,185,,1
205,202,184,,1
206,203,183,,1
206,202,180,,1
201,197,170,,1
194,190,159,,0
187,184,148,,0
182,177,139,,0
178,168,128,,0
175,164,123,,0
169,157,115,,0
158,146,103,,0
153,138,95,,0
151,135,92,,0
145,129,85,,0
136,119,75,,0
138,121,76,,0
135,122,76,,0
127,115,71,,0
121,111,71,,0
141,133,97,,0
171,166,135,,0
187,184,158,,0
189,189,168,,0
192,194,173,,0
197,200,181,,1
202,206,186,,1
205,209,189,,1
208,212,192,,1
209,213,193,,1
207,210,191,,1
207,210,193,,1
207,210,194,,1
207,210,194,,1
209,210,197,,1
209,212,197,,1
208,212,193,,1
210,215,196,,1
212,216,200,,1
212,214,201,,1
210,211,200,,1
212,211,199,,1
212,211,197,,1
209,208,191,,1
207,206,187,,1
210,209,187,,1
208,206,180,,1
205,202,174,,1
203,198,169,,1
199,193,161,,0
191,183,148,,0
186,176,138,,0
182,170,131,,0
181,168,128,,0
183,172,128,,0
186,176,131,,0
186,178,134,,0
188,180,138,,0
188,180,142,,0
193,186,151,,0
194,187,155,,0
194,189,159,,0
197,191,163,,0
201,195,170,,1
204,199,179,,1
204,202,183,,1
204,204,188,,1
204,206,192,,1
204,206,192,,1
202,204,190,,1
198,198,183,,1
195,192,175,,0
189,184,164,,0
185,180,158,,0
186,179,155,,0
190,176,153,,0
186,167,144,,0
167,145,127,,0
139,118,106,,0
77,64,57,,0
45,39,39,,0
34,35,38,,0
30,35,38,,0
104,82,59,,0
128,110,86,,0
174,160,136,,0
198,190,166,,0
202,197,174,,1
201,199,177,,1
196,195,175,,1
205,203,184,,1
212,209,190,,1
211,210,191,,1
208,210,189,,1
208,208,188,,1
205,204,187,,1
203,203,184,,1
204,201,182,,1
197,195,173,,1
194,191,165,,0
190,187,156,,0
181,178,142,,0
174,166,126,,0
174,164,123,,0
169,159,117,,0
160,147,106,,0
153,139,96,,0
147,132,90,,0
127,110,67,,0
138,120,77,,0
145,127,83,,0
143,129,82,,0
135,122,76,,0
128,116,73,,0
137,128,89,,0
161,155,121,,0
177,174,145,,0
189,188,165,,0
195,197,176,,1
199,203,183,,1
200,205,183,,1
203,207,184,,1
208,212,189,,1
210,213,192,,1
209,212,191,,1
211,212,192,,1
207,208,190,,1
208,207,189,,1
212,210,195,,1
212,211,194,,1
207,211,190,,1
206,211,190,,1
207,210,192,,1
205,207,191,,1
204,205,192,,1
209,208,194,,1
209,208,191,,1
207,205,187,,1
210,208,187,,1
205,202,175,,1
200,196,166,,1
196,191,159,,0
188,182,147,,0
182,172,134,,0
173,161,119,,0
169,156,111,,0
169,153,106,,0
170,154,105,,0
175,161,110,,0
177,166,114,,0
180,169,119,,0
183,173,125,,0
183,173,129,,0
188,178,138,,0
190,181,144,,0
188,179,146,,0
192,183,152,,0
198,191,163,,0
203,197,175,,1
203,202,181,,1
203,203,185,,1
204,206,190,,1
202,204,190,,1
201,203,189,,1
202,202,188,,1
202,199,183,,1
200,195,176,,1
195,190,167,,0
193,186,161,,0
194,180,156,,0
190,171,147,,0
169,147,127,,0
135,115,101,,0
77,64,56,,0
45,40,38,,0
36,36,39,,0
31,35,39,,0
100,83,59,,0
127,111,86,,0
185,172,147,,0
195,188,162,,0
205,200,174,,1
204,202,179,,1
204,203,182,,1
208,207,187,,1
212,211,193,,1
210,212,192,,1
209,212,192,,1
208,210,192,,1
207,208,192,,1
206,207,191,,1
205,205,188,,1
202,201,181,,1
199,197,174,,1
192,191,164,,0
186,183,152,,0
177,172,134,,0
170,161,124,,0
165,156,119,,0
158,147,109,,0
153,140,102,,0
152,138,100,,0
147,133,93,,0
153,138,98,,0
142,127,85,,0
134,120,76,,0
128,115,71,,0
128,117,74,,0
142,133,93,,0
150,144,109,,0
158,155,125,,0
180,181,157,,0
193,196,176,,1
198,201,184,,1
199,203,182,,1
201,205,180,,1
203,207,183,,1
206,208,184,,1
207,208,186,,1
209,209,187,,1
209,207,184,,1
210,206,185,,1
213,208,189,,1
213,211,189,,1
207,211,187,,1
209,211,190,,1
205,207,187,,1
202,203,187,,1
206,206,190,,1
209,208,191,,1
207,206,188,,1
205,202,183,,1
204,202,178,,1
197,193,162,,0
193,186,153,,0
184,177,141,,0
169,159,121,,0
167,155,113,,0
171,157,111,,0
164,148,99,,0
166,148,98,,0
163,144,93,,0
169,153,99,,0
172,159,105,,0
177,165,112,,0
182,170,119,,0
180,168,121,,0
181,170,126,,0
183,173,132,,0
181,172,135,,0
190,180,145,,0
203,194,163,,1
199,195,169,,1
199,198,174,,1
201,201,180,,1
202,204,186,,1
201,204,188,,1
203,204,190,,1
204,203,189,,1
201,198,183,,1
202,197,180,,1
196,191,169,,0
195,188,162,,0
193,179,153,,0
191,172,148,,0
166,145,124,,0
121,101,85,,0
78,66,56,,0
47,42,38,,0
38,38,40,,0
37,40,43,,0
100,82,61,,0
141,126,103,,0
190,177,152,,0
200,191,164,,0
202,197,169,,1
198,195,170,,1
204,203,181,,1
207,208,189,,1
209,211,194,,1
209,213,195,,1
210,215,196,,1
210,214,197,,1
209,211,197,,1
208,210,196,,1
206,208,193,,1
204,205,189,,1
203,204,184,,1
203,202,180,,1
199,197,171,,1
193,187,156,,0
187,181,149,,0
181,174,143,,0
170,163,130,,0
167,159,126,,0
170,161,127,,0
162,151,117,,0
162,151,117,,0
159,149,112,,0
153,142,105,,0
152,142,104,,0
153,144,107,,0
153,147,111,,0
150,147,113,,0
153,153,124,,0
177,178,154,,0
195,196,178,,1
200,202,188,,1
203,206,188,,1
204,208,185,,1
203,207,184,,1
204,206,182,,1
207,207,183,,1
208,206,182,,1
207,203,177,,1
206,200,174,,1
207,201,174,,1
207,204,177,,1
203,207,180,,1
205,207,183,,1
202,204,184,,1
205,205,187,,1
208,207,189,,1
208,206,189,,1
207,204,185,,1
202,200,178,,1
197,193,167,,0
191,183,149,,0
174,165,129,,0
163,152,114,,0
159,147,107,,0
162,148,106,,0
161,147,102,,0
157,141,93,,0
163,146,97,,0
157,140,91,,0
162,147,96,,0
173,159,107,,0
179,167,116,,0
182,170,121,,0
187,175,129,,0
187,175,132,,0
183,173,132,,0
189,180,141,,0
200,191,153,,0
202,194,160,,1
198,194,165,,1
201,199,174,,1
203,203,181,,1
202,204,185,,1
200,202,187,,1
202,203,189,,1
203,203,189,,1
201,199,184,,1
201,195,178,,1
194,190,165,,0
186,179,153,,0
193,179,153,,0
190,171,147,,0
154,132,110,,0
104,84,68,,0
84,72,61,,0
57,53,48,,0
38,39,39,,0
35,37,41,,0
102,87,66,,0
149,137,114,,0
190,179,153,,1
196,187,160,,0
196,191,162,,0
193,190,163,,0
200,200,177,,1
206,208,188,,1
207,211,194,,1
207,211,195,,1
208,215,197,,1
210,215,200,,1
210,214,200,,1
209,212,200,,1
208,210,197,,1
205,207,193,,1
204,205,188,,1
202,204,183,,1
202,200,179,,1
202,194,172,,1
200,194,170,,1
196,190,165,,0
190,184,159,,0
183,179,152,,0
182,178,150,,0
180,176,147,,0
183,180,150,,0
188,185,155,,0
190,184,155,,0
186,180,151,,0
184,180,149,,0
184,181,149,,0
183,182,153,,0
190,189,163,,0
194,194,174,,1
200,201,185,,1
203,204,192,,1
205,207,193,,1
206,209,188,,1
205,206,185,,1
205,205,182,,1
207,205,181,,1
203,199,172,,1
200,195,165,,1
197,190,159,,0
199,190,157,,0
199,194,161,,1
201,203,174,,1
203,206,181,,1
206,205,184,,1
208,207,187,,1
211,208,189,,1
208,205,186,,1
206,203,182,,1
203,199,176,,1
194,190,162,,0
185,175,140,,0
172,160,122,,0
165,152,114,,0
162,148,108,,0
163,150,108,,0
168,155,112,,0
174,161,116,,0
177,163,117,,0
174,161,115,,0
181,168,121,,0
185,172,126,,0
188,175,130,,0
187,175,130,,0
190,178,135,,0
191,181,139,,0
187,178,137,,0
190,182,142,,0
196,187,148,,0
194,188,152,,0
195,191,160,,0
198,197,170,,1
201,202,177,,1
199,202,181,,1
200,203,185,,1
201,204,188,,1
203,202,188,,1
200,197,182,,1
194,189,173,,0
192,187,163,,0
188,181,153,,0
193,179,152,,0
192,173,147,,0
174,152,129,,0
138,118,101,,0
78,65,54,,0
47,42,37,,0
40,41,40,,0
38,40,43,,0
113,98,78,,0
153,141,118,,0
192,181,156,,0
191,183,155,,0
195,189,161,,0
194,191,162,,0
200,199,175,,1
205,207,187,,1
207,211,194,,1
204,211,193,,1
206,213,195,,1
209,215,199,,1
208,214,200,,1
207,210,199,,1
206,209,197,,1
203,205,193,,1
202,204,188,,1
202,204,186,,1
204,202,183,,1
208,199,182,,1
207,200,182,,1
204,199,179,,1
201,196,176,,1
196,194,172,,1
191,191,167,,0
195,196,171,,1
199,200,174,,1
198,200,174,,1
196,194,172,,1
192,191,167,,0
193,192,167,,0
198,198,171,,1
199,201,174,,1
200,203,179,,1
201,202,184,,1
206,207,193,,1
207,207,198,,1
204,205,193,,1
202,205,187,,1
203,204,184,,1
203,203,181,,1
203,201,176,,1
197,192,163,,0
194,188,155,,0
195,186,150,,0
198,188,151,,0
198,192,157,,0
201,202,173,,1
207,210,184,,1
210,210,188,,1
210,209,189,,1
212,210,190,,1
209,206,186,,1
207,203,182,,1
207,203,179,,1
200,195,168,,1
201,188,154,,0
198,183,146,,0
193,179,141,,0
186,173,135,,0
186,173,134,,0
182,170,130,,0
185,173,133,,0
185,174,132,,0
183,172,130,,0
192,180,138,,0
192,180,137,,0
191,179,138,,0
191,180,139,,0
189,180,138,,0
188,178,139,,0
188,179,139,,0
184,175,135,,0
184,176,137,,0
189,184,147,,0
192,189,156,,0
193,192,163,,0
195,196,171,,1
196,198,177,,1
197,199,181,,1
197,199,183,,1
200,199,185,,1
200,197,182,,1
193,188,173,,0
190,185,163,,0
187,180,153,,0
194,180,153,,0
191,171,145,,0
173,152,129,,0
135,116,97,,0
87,75,64,,0
57,52,48,,0
39,39,39,,0
30,33,35,,0
116,104,86,,0
157,148,127,,0
186,177,153,,0
187,182,152,,0
190,186,156,,0
190,187,157,,0
199,198,170,,1
204,205,179,,1
208,210,186,,1
207,212,187,,1
209,216,190,,1
210,216,193,,1
207,212,192,,1
207,210,192,,1
208,210,194,,1
204,204,189,,1
206,204,190,,1
211,208,194,,1
212,207,194,,1
209,206,191,,1
203,202,187,,1
205,205,188,,1
204,205,188,,1
204,205,188,,1
203,205,187,,1
204,207,189,,1
204,208,189,,1
201,205,186,,1
200,204,187,,1
201,204,187,,1
199,202,184,,1
200,204,184,,1
204,207,188,,1
207,209,192,,1
206,208,193,,1
210,211,198,,1
211,212,201,,1
208,208,195,,1
207,207,191,,1
209,208,189,,1
208,206,185,,1
207,204,178,,1
197,192,163,,0
194,189,157,,0
195,188,152,,0
197,189,151,,0
197,192,158,,0
204,205,178,,1
208,209,185,,1
211,210,189,,1
211,210,190,,1
212,210,191,,1
209,207,189,,1
208,205,187,,1
208,205,186,,1
206,203,182,,1
205,198,171,,1
205,196,167,,1
201,193,163,,1
197,189,159,,0
197,189,160,,0
195,188,158,,0
194,189,158,,0
197,191,160,,0
195,189,158,,0
193,187,152,,0
190,184,143,,0
189,182,142,,0
187,180,139,,0
186,178,134,,0
176,168,124,,0
175,166,121,,0
163,154,107,,0
169,159,112,,0
183,176,133,,0
186,184,152,,0
189,188,159,,0
194,193,168,,0
196,196,174,,1
194,193,175,,0
193,192,177,,0
197,195,181,,1
199,195,182,,1
195,192,178,,0
191,188,169,,0
189,183,161,,0
196,182,159,,0
193,171,149,,0
170,148,128,,0
131,112,96,,0
75,63,53,,0
50,45,41,,0
37,39,41,,0
29,34,37,,0
114,103,85,,0
150,143,122,,0
177,170,145,,0
190,185,156,,0
187,183,151,,0
182,179,146,,0
185,183,150,,0
187,186,155,,0
189,188,158,,0
196,198,167,,1
205,211,179,,1
208,213,183,,1
204,208,181,,1
204,206,183,,1
212,212,191,,1
214,212,194,,1
211,208,194,,1
212,207,195,,1
212,210,197,,1
206,210,195,,1
213,217,202,,1
206,210,195,,1
181,185,170,,0
189,193,178,,0
208,212,197,,1
207,211,196,,1
208,212,197,,1
206,211,196,,1
203,210,195,,1
203,209,195,,1
204,210,196,,1
206,212,198,,1
209,213,199,,1
208,212,198,,1
210,212,199,,1
213,215,202,,1
211,213,200,,1
211,209,197,,1
211,209,195,,1
212,210,192,,1
210,208,189,,1
210,206,184,,1
203,199,172,,1
198,193,163,,0
195,190,158,,0
201,196,160,,1
205,201,170,,1
206,206,182,,1
207,207,186,,1
209,209,189,,1
211,211,191,,1
211,211,192,,1
211,210,192,,1
209,209,192,,1
208,207,192,,1
207,206,190,,1
208,205,186,,1
206,204,183,,1
204,202,181,,1
203,201,180,,1
201,199,178,,1
199,197,176,,1
200,198,177,,1
200,198,177,,1
198,196,175,,1
196,194,166,,1
191,187,153,,0
187,183,147,,0
186,182,145,,0
181,175,134,,0
176,168,125,,0
172,162,118,,0
163,151,104,,0
171,159,110,,0
181,172,129,,0
182,179,147,,0
188,186,157,,0
194,191,166,,0
196,194,170,,1
196,193,174,,1
199,196,179,,1
201,198,184,,1
201,198,186,,1
199,197,184,,1
191,188,173,,0
191,185,167,,0
197,182,164,,0
194,174,155,,0
170,147,131,,0
120,100,87,,0
64,52,46,,0
44,40,39,,0
35,39,42,,0
30,36,39,,0
119,109,90,,0
157,146,124,,0
182,174,148,,0
189,182,152,,1
183,177,145,,0
173,168,134,,0
172,168,135,,0
181,178,146,,0
190,187,156,,0
190,190,161,,0
197,201,172,,1
206,208,181,,1
206,208,184,,1
207,209,187,,1
210,210,191,,1
213,212,196,,1
211,212,197,,1
210,209,195,,1
209,209,196,,1
210,213,199,,1
209,213,198,,1
205,209,194,,1
207,211,196,,1
212,216,201,,1
211,215,200,,1
211,215,200,,1
212,216,201,,1
210,215,200,,1
208,215,200,,1
206,213,198,,1
208,214,200,,1
211,217,203,,1
210,214,200,,1
210,214,200,,1
211,213,200,,1
214,216,203,,1
212,214,201,,1
212,213,200,,1
214,213,200,,1
214,212,197,,1
213,210,194,,1
212,209,190,,1
212,208,184,,1
207,202,175,,1
203,199,169,,1
209,204,173,,1
211,209,180,,1
207,209,186,,1
207,209,187,,1
209,211,190,,1
211,213,192,,1
212,213,194,,1
211,212,195,,1
210,211,195,,1
209,210,195,,1
209,210,195,,1
211,210,192,,1
211,209,189,,1
209,207,186,,1
208,207,186,,1
207,206,185,,1
207,205,184,,1
206,205,184,,1
205,203,183,,1
203,202,181,,1
202,199,178,,1
196,192,168,,0
192,187,162,,0
192,187,159,,0
189,182,153,,0
188,179,146,,0
182,171,137,,0
177,165,129,,0
181,168,131,,0
184,172,137,,0
185,181,149,,0
189,185,156,,0
194,189,163,,0
194,192,167,,0
194,192,170,,0
196,193,174,,1
199,196,181,,1
199,197,183,,1
194,192,179,,0
191,187,172,,0
191,184,167,,0
195,182,164,,0
187,168,151,,0
159,138,122,,0
111,92,80,,0
63,50,45,,0
39,34,34,,0
32,36,39,,0
32,38,41,,0
71,70,57,,0
114,106,85,,0
157,146,122,,0
185,175,148,,0
186,178,147,,0
184,178,144,,0
177,171,137,,0
170,166,132,,0
173,168,136,,0
178,174,143,,0
181,178,150,,0
191,191,166,,0
201,201,178,,1
205,205,183,,1
208,210,189,,1
207,209,190,,1
205,208,191,,1
210,212,197,,1
211,214,199,,1
205,209,194,,1
202,206,191,,1
206,210,195,,1
207,211,196,,1
211,215,200,,1
213,217,202,,1
211,215,200,,1
211,215,200,,1
213,217,202,,1
212,217,201,,1
211,218,204,,1
210,217,202,,1
211,217,203,,1
210,215,201,,1
209,213,199,,1
214,218,204,,1
211,213,200,,1
212,214,201,,1
214,216,203,,1
215,216,205,,1
216,216,204,,1
215,213,201,,1
214,212,198,,1
214,212,196,,1
213,210,191,,1
213,209,187,,1
213,209,184,,1
214,210,183,,1
211,210,184,,1
209,211,189,,1
209,211,190,,1
210,212,191,,1
211,212,193,,1
212,213,196,,1
212,213,197,,1
212,213,197,,1
212,213,199,,1
212,213,198,,1
211,212,194,,1
212,211,191,,1
211,210,190,,1
210,209,190,,1
209,208,189,,1
209,208,189,,1
207,206,186,,1
205,204,184,,1
205,204,184,,1
203,201,184,,1
202,199,183,,1
200,194,178,,1
195,189,171,,0
197,189,169,,0
190,179,157,,0
182,171,146,,0
182,168,141,,0
182,168,139,,0
183,169,139,,0
180,174,143,,0
180,175,145,,0
185,179,152,,0
191,186,160,,0
191,188,165,,0
191,188,168,,0
195,193,176,,1
197,195,180,,1
191,189,174,,0
189,186,170,,0
191,183,166,,0
190,177,161,,0
176,158,141,,0
144,124,111,,0
103,86,75,,0
62,51,46,,0
38,36,35,,0
34,37,40,,0
70,73,62,,0
127,120,100,,0
158,146,121,,0
186,174,147,,0
193,183,151,,0
191,183,149,,0
182,176,143,,0
179,173,141,,0
175,170,140,,0
179,174,145,,0
187,184,160,,0
198,196,176,,1
205,203,183,,1
206,206,186,,1
210,212,194,,1
211,213,196,,1
211,215,199,,1
209,214,199,,1
207,214,198,,1
208,215,200,,1
214,218,203,,1
214,218,203,,1
213,217,202,,1
213,217,202,,1
212,216,201,,1
211,215,200,,1
212,216,201,,1
215,219,204,,1
214,218,203,,1
211,218,203,,1
214,221,206,,1
214,220,206,,1
212,217,203,,1
214,218,204,,1
214,218,204,,1
214,216,203,,1
215,217,204,,1
213,215,202,,1
214,216,204,,1
215,217,207,,1
213,213,203,,1
212,213,200,,1
214,214,200,,1
213,212,196,,1
212,210,192,,1
212,210,190,,1
212,210,187,,1
211,209,189,,1
209,212,191,,1
209,212,191,,1
210,213,194,,1
210,213,194,,1
211,214,196,,1
211,214,198,,1
211,213,199,,1
211,213,199,,1
211,213,199,,1
212,214,197,,1
212,214,197,,1
211,213,197,,1
211,213,195,,1
210,212,194,,1
210,212,194,,1
206,208,191,,1
204,206,189,,1
204,206,189,,1
207,205,190,,1
204,200,187,,1
200,196,181,,1
198,192,175,,1
189,182,164,,0
183,173,152,,0
172,161,137,,0
161,149,123,,0
147,134,107,,0
147,134,105,,0
145,137,105,,0
145,138,106,,0
155,149,118,,0
172,165,138,,0
182,176,152,,0
182,178,157,,0
188,185,166,,0
193,191,174,,0
185,183,167,,0
183,180,162,,0
186,179,161,,0
185,174,157,,0
169,153,138,,0
134,117,104,,0
88,72,64,,0
56,46,43,,0
41,39,38,,0
37,41,43,,0
64,69,59,,0
133,126,107,,0
161,150,125,,0
191,181,154,,0
192,184,155,,0
194,187,156,,0
190,184,153,,0
190,184,155,,0
195,190,163,,0
200,194,170,,1
202,197,177,,1
207,204,187,,1
209,208,192,,1
208,209,193,,1
208,210,195,,1
211,214,199,,1
211,216,200,,1
210,217,202,,1
210,218,203,,1
213,219,204,,1
214,218,203,,1
215,219,204,,1
216,220,205,,1
214,218,203,,1
212,216,201,,1
211,215,200,,1
213,217,202,,1
215,219,204,,1
215,219,204,,1
212,219,204,,1
214,221,207,,1
216,222,208,,1
215,221,207,,1
215,219,205,,1
214,218,204,,1
216,218,205,,1
216,218,205,,1
213,215,202,,1
211,213,202,,1
213,216,207,,1
213,214,206,,1
213,216,205,,1
215,217,204,,1
213,215,200,,1
211,212,196,,1
211,210,192,,1
212,211,192,,1
212,212,193,,1
208,211,192,,1
209,212,193,,1
210,213,196,,1
212,215,198,,1
211,214,199,,1
211,213,199,,1
212,214,200,,1
213,215,202,,1
213,215,202,,1
213,215,201,,1
213,215,201,,1
212,214,200,,1
211,214,199,,1
211,213,199,,1
211,213,199,,1
209,212,197,,1
206,209,195,,1
203,206,191,,1
204,204,188,,1
205,203,184,,1
201,198,179,,1
195,190,170,,0
176,170,147,,0
152,145,118,,0
134,125,96,,0
111,100,70,,0
114,103,72,,0
120,109,76,,0
114,103,70,,0
113,102,70,,0
123,114,83,,0
144,137,108,,0
162,157,131,,0
178,175,152,,0
182,179,159,,0
182,181,163,,0
181,181,162,,0
184,181,162,,0
188,181,163,,0
177,167,150,,0
158,145,131,,0
120,106,96,,0
80,67,61,,0
46,38,36,,0
35,34,35,,0
37,40,43,,0
63,67,58,,0
127,121,103,,0
156,148,125,,0
192,184,158,,0
195,189,161,,0
197,192,163,,0
193,188,161,,0
198,194,168,,1
207,202,180,,1
212,207,188,,1
208,206,191,,1
207,207,194,,1
207,209,195,,1
208,210,196,,1
211,214,200,,1
210,214,200,,1
209,215,201,,1
210,217,202,,1
211,218,203,,1
212,218,204,,1
213,217,202,,1
213,217,202,,1
214,218,203,,1
213,217,202,,1
213,217,202,,1
213,217,202,,1
214,218,203,,1
216,220,205,,1
216,220,205,,1
213,220,205,,1
215,221,207,,1
216,222,208,,1
217,222,208,,1
217,221,207,,1
218,222,208,,1
217,219,206,,1
217,219,206,,1
216,218,205,,1
214,216,204,,1
212,218,206,,1
211,216,205,,1
212,216,205,,1
214,218,204,,1
212,214,200,,1
210,212,198,,1
209,210,195,,1
210,210,194,,1
210,211,194,,1
208,212,193,,1
208,212,195,,1
210,214,197,,1
211,215,199,,1
211,215,200,,1
211,215,200,,1
211,215,201,,1
212,216,202,,1
212,215,203,,1
212,216,202,,1
211,216,202,,1
210,215,201,,1
210,215,201,,1
209,214,200,,1
209,214,200,,1
208,214,199,,1
206,212,197,,1
203,208,194,,1
203,205,188,,1
205,203,183,,1
200,198,177,,1
193,190,166,,0
176,171,145,,0
147,142,113,,0
126,118,87,,0
117,108,75,,0
124,115,80,,0
131,121,86,,0
140,128,93,,0
142,130,97,,0
131,121,89,,0
126,118,88,,0
131,125,98,,0
152,149,124,,0
167,166,143,,0
175,175,154,,0
169,170,149,,0
179,174,155,,0
187,181,162,,0
178,170,154,,0
154,144,133,,0
110,100,91,,0
66,55,51,,0
45,39,37,,0
39,37,38,,0
37,39,42,,0
61,59,53,,0
118,112,96,,0
150,144,123,,0
191,185,163,,0
198,194,168,,1
200,197,171,,1
196,195,170,,1
204,202,181,,1
210,209,192,,1
214,212,197,,1
210,212,199,,1
208,213,200,,1
208,212,199,,1
208,213,200,,1
212,217,204,,1
212,216,203,,1
211,216,202,,1
212,217,203,,1
213,216,203,,1
213,217,203,,1
215,219,204,,1
215,219,204,,1
215,219,204,,1
215,219,204,,1
215,219,204,,1
215,219,204,,1
216,220,205,,1
216,220,205,,1
217,221,206,,1
214,221,207,,1
215,221,207,,1
216,222,208,,1
217,222,208,,1
219,223,209,,1
218,222,208,,1
215,217,204,,1
215,217,204,,1
217,219,206,,1
215,220,206,,1
212,220,206,,1
210,218,204,,1
211,218,202,,1
213,219,203,,1
213,217,202,,1
213,216,201,,1
212,215,199,,1
212,214,197,,1
210,213,196,,1
208,212,194,,1
209,213,196,,1
211,215,199,,1
212,216,200,,1
213,217,202,,1
212,216,202,,1
212,216,202,,1
212,215,203,,1
212,215,204,,1
211,217,204,,1
210,217,204,,1
209,217,203,,1
209,216,203,,1
208,216,202,,1
207,215,201,,1
208,215,202,,1
207,214,201,,1
205,212,198,,1
206,209,193,,1
208,208,189,,1
203,201,181,,1
196,193,171,,0
184,180,157,,0
167,162,136,,0
155,148,120,,0
126,117,87,,0
107,98,65,,0
125,114,80,,0
142,127,93,,0
147,133,100,,0
131,119,85,,0
116,107,76,,0
116,110,81,,0
132,129,101,,0
147,146,121,,0
155,157,133,,0
152,154,132,,0
172,168,148,,0
186,179,161,,0
179,171,156,,0
148,138,128,,0
98,89,82,,0
56,48,44,,0
44,39,38,,0
41,39,41,,0
76,68,64,,0
111,105,91,,0
142,138,119,,0
187,185,164,,0
195,194,171,,1
198,198,175,,1
197,199,176,,1
203,205,186,,1
205,207,193,,1
209,210,199,,1
209,213,203,,1
208,216,204,,1
209,216,205,,1
209,216,204,,1
211,217,205,,1
213,216,205,,1
214,217,204,,1
215,216,203,,1
215,216,203,,1
215,217,204,,1
217,221,206,,1
217,221,206,,1
216,220,205,,1
217,221,206,,1
217,221,206,,1
216,220,205,,1
216,220,205,,1
216,220,205,,1
215,220,205,,1
214,222,207,,1
214,221,206,,1
215,221,207,,1
217,222,208,,1
218,222,208,,1
216,220,206,,1
214,216,203,,1
215,217,204,,1
217,219,206,,1
215,221,206,,1
213,222,206,,1
211,220,203,,1
211,218,201,,1
211,218,201,,1
213,218,202,,1
214,218,201,,1
213,217,200,,1
211,214,197,,1
209,212,195,,1
208,213,196,,1
209,214,196,,1
210,215,200,,1
212,217,201,,1
213,217,203,,1
213,217,203,,1
212,217,204,,1
211,215,204,,1
211,215,204,,1
211,218,205,,1
210,218,205,,1
209,217,204,,1
209,217,204,,1
209,217,204,,1
208,216,203,,1
209,217,204,,1
209,217,204,,1
207,215,202,,1
208,212,199,,1
210,210,198,,1
206,205,191,,1
201,199,183,,1
196,192,175,,0
192,186,166,,0
175,168,145,,0
147,138,114,,0
131,121,95,,0
115,103,73,,0
121,105,70,,0
126,112,77,,0
124,111,77,,0
125,115,82,,0
124,118,87,,0
129,125,96,,0
137,136,109,,0
139,141,115,,0
147,150,126,,0
174,170,150,,0
185,178,159,,0
171,163,149,,0
135,126,117,,0
85,76,71,,0
50,44,41,,0
42,39,39,,0
40,39,41,,0
79,73,69,,0
109,102,90,,0
140,135,119,,0
187,184,165,,0
194,192,172,,0
197,196,175,,1
198,200,178,,1
200,203,184,,1
202,205,191,,1
208,212,199,,1
209,216,203,,1
210,218,206,,1
212,219,207,,1
211,217,205,,1
211,217,204,,1
214,218,206,,1
215,218,206,,1
215,217,205,,1
216,217,204,,1
216,217,204,,1
217,218,205,,1
215,217,203,,1
214,217,203,,1
215,219,204,,1
217,220,206,,1
217,220,206,,1
215,219,205,,1
215,219,204,,1
214,219,204,,1
213,221,207,,1
212,220,207,,1
213,219,207,,1
214,221,207,,1
217,222,208,,1
217,221,207,,1
216,220,206,,1
217,220,206,,1
217,221,207,,1
215,221,206,,1
213,222,206,,1
212,220,204,,1
211,219,202,,1
211,218,200,,1
210,217,199,,1
211,216,199,,1
211,214,197,,1
208,212,195,,1
206,210,193,,1
206,212,194,,1
208,214,196,,1
210,216,200,,1
211,218,202,,1
212,219,204,,1
212,217,204,,1
211,217,205,,1
210,216,204,,1
210,216,204,,1
212,219,207,,1
211,218,206,,1
209,217,205,,1
209,216,204,,1
209,217,204,,1
208,216,203,,1
209,217,205,,1
210,217,205,,1
210,218,205,,1
208,212,202,,1
209,210,201,,1
205,205,195,,1
202,200,188,,1
199,197,184,,1
195,190,175,,0
192,186,168,,0
179,172,153,,0
171,164,143,,0
145,136,111,,0
133,119,89,,0
125,112,80,,0
118,107,76,,0
112,104,72,,0
117,111,81,,0
126,123,94,,0
137,136,109,,0
140,141,116,,0
158,158,135,,0
179,174,153,,0
186,178,159,,0
167,157,143,,0
127,116,108,,0
77,67,64,,0
45,37,36,,0
42,40,41,,0
40,40,42,,0
70,69,67,,0
105,95,87,,0
140,129,117,,0
193,184,168,,0
202,195,177,,1
200,197,177,,1
201,200,180,,1
200,202,182,,1
202,206,188,,1
206,210,195,,1
212,216,202,,1
215,220,206,,1
215,219,206,,1
215,219,205,,1
215,219,205,,1
215,219,205,,1
213,217,203,,1
212,216,202,,1
213,216,202,,1
214,216,203,,1
217,216,204,,1
216,216,204,,1
216,216,204,,1
215,217,204,,1
217,219,206,,1
219,221,208,,1
217,221,207,,1
216,220,206,,1
214,220,206,,1
213,221,210,,1
211,221,211,,1
213,221,210,,1
213,221,209,,1
213,220,208,,1
215,221,207,,1
216,223,207,,1
217,223,207,,1
214,221,204,,1
212,219,204,,1
212,219,206,,1
215,221,208,,1
215,221,207,,1
212,216,201,,1
213,217,202,,1
214,217,200,,1
212,215,198,,1
212,215,198,,1
209,212,195,,1
207,210,193,,1
210,213,196,,1
212,215,198,,1
212,216,200,,1
213,217,203,,1
210,215,201,,1
212,218,204,,1
211,217,205,,1
211,219,206,,1
214,220,209,,1
215,221,211,,1
211,217,207,,1
214,220,210,,1
209,215,203,,1
210,216,204,,1
211,217,207,,1
210,216,206,,1
212,218,208,,1
208,212,202,,1
208,210,199,,1
206,209,197,,1
203,205,192,,1
199,200,186,,1
196,196,181,,1
193,193,177,,0
190,189,171,,0
183,181,162,,0
176,173,152,,0
162,156,134,,0
137,131,105,,0
112,107,80,,0
89,85,55,,0
109,105,76,,0
119,117,88,,0
132,130,105,,0
143,141,119,,0
171,168,148,,0
184,176,153,,0
190,179,159,,0
171,157,143,,0
120,106,98,,0
77,63,61,,0
49,38,40,,0
43,40,42,,0
36,40,41,,0
57,58,56,,0
86,75,69,,0
126,114,102,,0
188,177,163,,0
203,196,177,,1
198,194,174,,1
200,198,177,,1
203,205,185,,1
207,210,192,,1
208,212,196,,1
210,214,199,,1
212,216,202,,1
214,218,204,,1
215,219,205,,1
216,220,206,,1
214,218,204,,1
212,216,202,,1
211,215,201,,1
211,215,201,,1
214,216,203,,1
220,219,206,,1
218,219,205,,1
218,219,205,,1
217,219,205,,1
217,219,205,,1
217,220,205,,1
218,222,207,,1
218,222,207,,1
217,224,208,,1
214,222,211,,1
214,222,212,,1
214,222,211,,1
214,222,210,,1
214,222,208,,1
215,221,207,,1
216,223,207,,1
216,223,207,,1
214,221,203,,1
212,220,205,,1
213,220,207,,1
215,221,209,,1
215,221,207,,1
213,217,203,,1
214,218,203,,1
215,218,202,,1
215,218,201,,1
215,218,201,,1
214,217,200,,1
214,217,200,,1
214,217,200,,1
213,216,199,,1
210,214,199,,1
211,215,201,,1
210,215,201,,1
211,217,204,,1
211,217,205,,1
211,219,206,,1
212,219,208,,1
209,215,205,,1
213,219,209,,1
210,216,205,,1
210,216,204,,1
211,217,205,,1
211,217,207,,1
210,216,206,,1
210,216,206,,1
206,210,200,,1
205,208,197,,1
208,211,199,,1
207,211,197,,1
204,206,192,,1
200,202,188,,1
199,200,185,,1
200,199,182,,1
196,195,177,,1
189,187,168,,0
177,173,152,,0
162,158,134,,0
140,136,110,,0
139,135,107,,0
138,136,106,,0
131,130,103,,0
137,135,110,,0
150,148,126,,0
170,166,147,,0
183,174,154,,0
183,170,153,,0
162,148,136,,0
120,105,100,,0
80,67,67,,0
53,43,46,,0
39,36,39,,0
36,40,41,,0
59,59,59,,0
79,68,62,,0
121,109,97,,0
179,169,154,,0
198,190,173,,0
199,195,175,,1
203,202,181,,1
202,204,184,,1
205,208,191,,1
209,213,198,,1
210,214,199,,1
210,214,200,,1
212,216,202,,1
215,219,205,,1
216,220,206,,1
217,221,207,,1
215,219,205,,1
214,218,204,,1
214,218,204,,1
216,218,205,,1
218,217,204,,1
216,217,203,,1
216,217,203,,1
214,216,202,,1
213,215,201,,1
214,216,202,,1
214,218,203,,1
216,220,205,,1
215,222,206,,1
215,221,209,,1
215,221,210,,1
215,221,209,,1
215,221,209,,1
214,220,207,,1
213,219,205,,1
214,221,205,,1
215,222,206,,1
214,221,205,,1
214,221,206,,1
213,221,208,,1
214,220,208,,1
215,221,207,,1
214,218,204,,1
212,216,201,,1
213,216,200,,1
213,216,199,,1
213,216,199,,1
213,216,199,,1
213,216,199,,1
213,216,199,,1
214,217,200,,1
213,217,201,,1
213,217,202,,1
212,216,202,,1
210,216,203,,1
212,218,206,,1
211,219,206,,1
208,214,204,,1
208,214,204,,1
185,191,181,,0
204,210,199,,1
212,218,206,,1
210,216,204,,1
209,215,205,,1
209,215,205,,1
208,214,204,,1
207,213,202,,1
208,214,202,,1
209,215,202,,1
208,212,198,,1
204,208,194,,1
205,207,193,,1
203,204,190,,1
201,201,187,,1
197,198,182,,1
194,194,177,,1
193,190,171,,0
180,177,156,,0
165,162,138,,0
156,154,128,,0
166,165,137,,0
159,158,131,,0
157,155,132,,0
164,162,141,,0
170,166,147,,0
178,167,149,,0
173,160,145,,0
144,131,121,,0
101,88,83,,0
66,54,54,,0
47,40,42,,0
41,40,43,,0
59,59,61,,0
81,70,64,,0
111,99,87,,0
169,159,144,,0
199,192,174,,1
198,194,174,,1
204,203,182,,1
204,206,186,,1
206,209,191,,1
206,210,195,,1
209,213,199,,1
211,215,201,,1
213,217,203,,1
215,219,205,,1
216,220,206,,1
217,221,207,,1
215,219,205,,1
214,218,204,,1
214,218,204,,1
216,218,205,,1
218,217,203,,1
216,217,201,,1
214,215,200,,1
212,215,199,,1
213,216,200,,1
214,217,201,,1
214,218,202,,1
216,220,203,,1
214,221,204,,1
214,218,205,,1
214,218,205,,1
214,218,205,,1
214,218,205,,1
213,218,204,,1
212,219,203,,1
213,220,204,,1
215,222,206,,1
214,221,205,,1
214,221,207,,1
212,219,207,,1
212,218,206,,1
213,219,205,,1
214,218,204,,1
213,217,202,,1
213,216,200,,1
212,215,198,,1
211,214,197,,1
211,214,197,,1
212,215,198,,1
211,214,197,,1
211,214,197,,1
213,216,201,,1
212,216,201,,1
213,218,204,,1
210,216,202,,1
212,218,206,,1
211,219,206,,1
209,215,204,,1
198,204,194,,1
162,168,158,,0
202,208,197,,1
210,216,204,,1
206,212,200,,1
206,212,202,,1
208,214,204,,1
206,212,202,,1
211,217,206,,1
211,217,205,,1
208,214,202,,1
207,212,198,,1
208,212,198,,1
209,212,198,,1
206,208,195,,1
204,205,191,,1
201,201,188,,1
198,198,184,,1
191,190,172,,0
183,182,163,,0
180,179,157,,0
171,171,146,,0
174,174,147,,0
170,168,143,,0
168,166,143,,0
172,170,149,,0
173,168,150,,0
172,161,146,,0
160,146,134,,0
116,102,94,,0
70,59,56,,0
48,39,40,,0
40,35,38,,0
42,42,46,,0
61,61,64,,0
78,67,61,,0
99,86,75,,0
161,150,136,,0
195,188,170,,0
195,191,171,,0
202,201,180,,1
206,208,188,,1
204,207,189,,1
205,209,194,,1
208,212,198,,1
211,215,201,,1
213,217,203,,1
214,218,204,,1
214,218,204,,1
216,220,206,,1
215,219,205,,1
214,218,204,,1
214,218,204,,1
216,218,204,,1
219,219,204,,1
216,217,201,,1
214,215,199,,1
214,217,200,,1
213,216,199,,1
216,219,202,,1
217,221,204,,1
214,218,201,,1
212,218,200,,1
215,217,201,,1
215,216,202,,1
212,215,201,,1
216,219,205,,1
210,214,199,,1
211,216,201,,1
213,220,204,,1
212,220,204,,1
212,220,203,,1
214,221,207,,1
214,221,208,,1
213,219,207,,1
214,220,206,,1
215,219,205,,1
215,219,205,,1
214,217,201,,1
212,215,198,,1
211,214,197,,1
212,215,198,,1
213,216,199,,1
213,216,199,,1
211,214,197,,1
212,215,200,,1
213,217,203,,1
214,219,205,,1
211,217,204,,1
212,218,206,,1
211,219,206,,1
209,215,204,,1
207,213,203,,1
213,219,209,,1
212,218,207,,1
207,213,201,,1
206,212,200,,1
209,215,205,,1
210,216,206,,1
208,214,204,,1
211,217,206,,1
208,215,202,,1
208,215,201,,1
207,213,199,,1
209,214,201,,1
210,213,201,,1
207,210,198,,1
205,207,196,,1
206,207,196,,1
203,204,192,,1
192,193,179,,0
190,190,175,,0
189,190,171,,0
189,188,166,,0
184,184,159,,0
176,174,151,,0
175,172,150,,0
173,169,149,,0
170,164,146,,0
165,152,140,,0
143,129,120,,0
95,83,78,,0
54,44,44,,0
45,39,42,,0
39,36,40,,0
55,55,57,,0
73,63,57,,0
102,89,78,,0
162,152,137,,0
194,187,168,,0
196,193,172,,1
204,203,182,,1
204,206,185,,1
206,210,192,,1
210,214,199,,1
210,214,199,,1
211,215,201,,1
213,217,203,,1
214,218,204,,1
214,218,204,,1
216,220,206,,1
216,220,206,,1
215,219,205,,1
215,219,205,,1
216,218,204,,1
218,217,201,,1
216,217,200,,1
214,215,199,,1
215,218,200,,1
215,218,200,,1
214,218,200,,1
212,217,199,,1
211,216,198,,1
210,217,198,,1
214,215,198,,1
216,216,200,,1
211,212,196,,1
208,210,195,,1
215,218,203,,1
214,218,203,,1
212,219,203,,1
213,221,205,,1
213,222,205,,1
213,221,207,,1
213,221,208,,1
213,219,207,,1
212,218,204,,1
214,218,204,,1
215,219,204,,1
214,217,201,,1
212,215,198,,1
212,215,198,,1
212,215,198,,1
211,214,197,,1
214,217,200,,1
212,215,198,,1
212,216,200,,1
213,217,203,,1
212,217,203,,1
210,216,202,,1
209,215,203,,1
208,216,203,,1
209,215,205,,1
209,215,205,,1
209,215,205,,1
209,215,204,,1
209,215,203,,1
209,215,203,,1
212,218,208,,1
213,219,209,,1
211,217,206,,1
210,217,204,,1
207,215,200,,1
208,215,200,,1
206,213,198,,1
208,214,202,,1
210,214,203,,1
209,212,202,,1
207,210,200,,1
206,208,199,,1
205,207,197,,1
201,204,194,,1
198,200,187,,1
192,195,178,,1
189,190,170,,0
189,189,167,,0
182,180,158,,0
182,179,158,,0
178,173,154,,0
171,165,149,,0
153,140,131,,0
118,103,99,,0
75,64,62,,0
45,37,40,,0
44,40,45,,0
57,57,61,,0
78,67,61,,0
98,85,74,,0
139,128,114,,0
186,179,160,,0
199,195,175,,1
199,198,177,,1
200,202,182,,1
204,207,189,,1
207,211,195,,1
210,214,199,,1
213,217,203,,1
215,219,205,,1
216,220,206,,1
216,220,206,,1
217,221,207,,1
217,221,207,,1
216,220,206,,1
215,219,205,,1
216,218,203,,1
216,216,199,,1
215,216,198,,1
215,216,198,,1
215,218,199,,1
214,217,198,,1
211,215,195,,1
210,215,195,,1
212,218,198,,1
209,216,195,,1
199,199,180,,1
184,182,164,,0
198,197,180,,1
208,209,193,,1
211,214,197,,1
212,216,199,,1
208,215,199,,1
210,218,203,,1
211,220,205,,1
211,220,206,,1
212,220,207,,1
212,218,206,,1
212,218,204,,1
214,218,204,,1
211,215,201,,1
212,215,199,,1
213,216,199,,1
214,217,200,,1
214,217,200,,1
211,214,197,,1
212,215,198,,1
212,215,198,,1
212,216,200,,1
212,216,202,,1
211,216,202,,1
209,215,201,,1
208,214,202,,1
207,215,202,,1
209,215,205,,1
209,215,205,,1
209,215,205,,1
209,215,204,,1
209,215,203,,1
211,217,205,,1
212,218,208,,1
211,217,207,,1
209,215,204,,1
208,217,203,,1
207,217,202,,1
207,215,200,,1
206,214,199,,1
208,214,202,,1
210,216,206,,1
211,215,206,,1
209,213,205,,1
206,209,202,,1
203,205,199,,1
198,203,195,,1
198,202,192,,1
197,200,186,,1
194,196,178,,1
192,192,171,,0
184,182,162,,0
184,181,161,,0
178,173,155,,0
168,160,146,,0
140,125,120,,0
94,77,77,,0
58,46,48,,0
43,38,42,,0
44,43,48,,0
95,83,72,,0
120,110,95,,0
175,167,150,,0
192,188,168,,0
197,196,175,,1
202,204,184,,1
201,205,187,,1
205,209,193,,1
212,216,202,,1
213,217,203,,1
216,220,206,,1
217,221,207,,1
216,220,206,,1
216,220,206,,1
215,219,205,,1
215,219,205,,1
214,218,204,,1
215,217,203,,1
216,216,199,,1
215,216,198,,1
215,216,198,,1
213,216,197,,1
209,212,193,,1
208,212,192,,1
211,216,196,,1
212,217,197,,1
206,212,192,,1
196,194,175,,1
186,183,164,,0
198,196,177,,1
212,212,193,,1
212,214,196,,1
210,213,196,,1
211,218,202,,1
211,219,204,,1
210,221,205,,1
211,220,206,,1
211,219,206,,1
212,218,206,,1
213,219,205,,1
215,219,205,,1
209,213,198,,1
210,214,197,,1
212,215,198,,1
213,216,199,,1
212,215,198,,1
210,213,196,,1
210,213,196,,1
212,215,198,,1
212,216,200,,1
211,215,201,,1
211,216,202,,1
209,215,202,,1
209,215,203,,1
207,215,202,,1
209,215,205,,1
209,215,205,,1
209,215,205,,1
209,215,204,,1
209,215,203,,1
209,215,203,,1
209,215,205,,1
209,215,205,,1
207,213,203,,1
208,217,202,,1
209,220,203,,1
206,216,200,,1
208,216,201,,1
209,217,204,,1
210,216,206,,1
209,215,207,,1
209,212,206,,1
206,208,203,,1
203,207,201,,1
199,206,199,,1
198,203,195,,1
196,200,188,,1
189,192,176,,0
189,191,171,,0
189,187,167,,0
188,185,166,,0
179,174,155,,0
162,154,140,,0
126,109,106,,0
78,61,63,,0
49,39,43,,0
43,38,44,,0
87,76,66,,0
94,84,71,,0
160,152,135,,0
188,183,163,,0
194,193,172,,0
197,198,178,,1
201,205,187,,1
203,207,191,,1
210,214,199,,1
213,217,203,,1
215,219,205,,1
216,220,206,,1
216,220,206,,1
215,219,205,,1
214,218,204,,1
214,218,204,,1
213,217,203,,1
214,216,202,,1
217,217,200,,1
216,217,199,,1
215,216,198,,1
211,213,194,,1
206,209,190,,1
207,211,192,,1
208,213,193,,1
207,211,193,,1
208,213,194,,1
211,208,190,,1
203,198,179,,1
189,186,167,,0
183,183,163,,0
173,175,156,,0
202,206,188,,1
211,218,201,,1
206,214,199,,1
204,214,199,,1
207,216,202,,1
207,215,202,,1
209,215,202,,1
210,216,202,,1
211,216,202,,1
208,212,197,,1
209,213,197,,1
211,214,197,,1
210,213,196,,1
209,212,195,,1
211,214,197,,1
209,212,195,,1
212,215,199,,1
212,215,200,,1
210,214,200,,1
209,214,200,,1
207,213,199,,1
206,212,200,,1
205,213,200,,1
204,211,201,,1
204,211,201,,1
204,211,201,,1
205,211,200,,1
205,211,199,,1
206,212,200,,1
206,212,202,,1
207,213,203,,1
208,214,203,,1
209,216,202,,1
210,220,204,,1
205,216,200,,1
206,217,201,,1
209,217,204,,1
209,216,205,,1
208,213,205,,1
206,210,204,,1
206,209,205,,1
207,210,206,,1
201,207,201,,1
200,206,197,,1
197,202,190,,1
188,190,176,,0
189,189,171,,0
190,187,170,,0
188,184,165,,0
176,170,152,,0
154,144,131,,0
106,90,89,,0
67,50,53,,0
49,39,43,,0
87,82,75,,0
137,130,117,,0
170,163,145,,0
191,184,165,,0
198,194,174,,1
205,204,185,,1
204,206,188,,1
209,214,194,,1
211,218,197,,1
211,219,198,,1
213,220,201,,1
213,219,202,,1
211,218,202,,1
214,220,205,,1
216,221,207,,1
214,220,207,,1
213,218,204,,1
213,217,200,,1
214,217,200,,1
213,216,197,,1
210,213,193,,1
207,210,189,,1
206,209,189,,1
208,210,192,,1
209,211,196,,1
210,211,197,,1
210,209,195,,1
207,206,190,,1
202,203,184,,1
198,200,179,,1
196,199,178,,1
208,212,191,,1
208,213,195,,1
208,214,200,,1
207,213,202,,1
209,217,205,,1
205,213,198,,1
204,212,198,,1
204,210,198,,1
209,215,203,,1
206,211,197,,1
207,211,197,,1
208,212,196,,1
211,215,198,,1
209,212,195,,1
210,212,198,,1
210,212,198,,1
208,210,196,,1
210,213,200,,1
210,214,201,,1
209,213,201,,1
204,210,198,,1
203,209,199,,1
203,211,200,,1
200,210,199,,1
201,211,200,,1
201,211,200,,1
203,211,200,,1
204,211,200,,1
205,211,201,,1
208,211,202,,1
211,213,204,,1
211,212,204,,1
209,214,203,,1
210,216,204,,1
209,216,204,,1
211,217,205,,1
211,218,207,,1
209,216,206,,1
209,216,207,,1
208,215,207,,1
203,211,203,,1
201,208,198,,1
202,207,193,,1
205,208,195,,1
199,202,188,,1
192,192,178,,0
195,192,178,,0
191,184,171,,0
190,180,167,,0
178,165,151,,0
142,125,113,,0
91,77,77,,0
53,43,46,,0
107,100,92,,0
152,144,132,,0
187,180,162,,1
197,192,173,,0
202,199,181,,1
202,202,184,,1
204,208,189,,1
205,212,190,,1
206,214,193,,1
209,216,197,,1
210,217,199,,1
211,218,202,,1
212,218,203,,1
212,218,205,,1
212,218,205,,1
212,217,203,,1
214,217,202,,1
213,216,198,,1
211,214,195,,1
211,214,192,,1
210,213,191,,1
209,212,192,,1
211,212,195,,1
211,212,198,,1
211,211,199,,1
208,209,196,,1
209,210,194,,1
210,211,193,,1
210,213,192,,1
210,214,191,,1
210,215,192,,1
209,213,195,,1
209,214,201,,1
207,213,202,,1
207,213,202,,1
202,208,194,,1
202,208,196,,1
202,208,196,,1
207,213,201,,1
206,211,199,,1
207,211,197,,1
206,210,196,,1
210,214,199,,1
208,211,196,,1
209,211,197,,1
211,213,199,,1
208,210,197,,1
209,212,199,,1
208,211,199,,1
207,211,200,,1
205,211,199,,1
203,209,199,,1
199,207,196,,1
195,205,194,,1
195,206,194,,1
196,207,196,,1
199,208,197,,1
201,209,198,,1
203,209,199,,1
206,209,200,,1
208,210,201,,1
210,212,204,,1
209,213,203,,1
208,214,202,,1
210,216,204,,1
212,218,206,,1
213,219,209,,1
210,217,206,,1
208,216,206,,1
206,214,204,,1
202,211,200,,1
202,208,196,,1
201,205,189,,1
201,203,187,,1
196,197,183,,1
192,190,178,,0
194,189,177,,0
194,184,173,,0
190,177,165,,0
165,150,137,,0
117,100,89,,0
84,72,72,,0
54,45,48,,0
79,74,69,,0
128,121,111,,0
167,160,147,,0
189,183,168,,0
196,193,178,,1
202,201,184,,1
202,204,187,,1
202,207,189,,1
205,211,193,,1
209,214,198,,1
212,218,201,,1
214,220,204,,1
213,218,204,,1
211,216,204,,1
211,215,204,,1
212,216,202,,1
215,216,199,,1
212,213,193,,1
210,211,190,,1
212,212,190,,1
212,212,191,,1
212,212,193,,1
213,212,196,,1
213,212,199,,1
213,212,200,,1
213,212,198,,1
212,211,196,,1
211,212,194,,1
213,215,195,,1
214,217,195,,1
211,214,194,,1
208,212,195,,1
209,214,199,,1
207,211,199,,1
207,211,200,,1
202,206,194,,1
201,205,193,,1
197,202,189,,1
199,204,191,,1
204,207,195,,1
204,208,195,,1
204,208,194,,1
208,212,199,,1
207,210,197,,1
209,211,197,,1
205,207,193,,1
201,203,190,,1
207,210,197,,1
207,210,198,,1
206,210,198,,1
204,210,198,,1
200,206,196,,1
193,201,190,,1
192,200,188,,1
191,200,188,,1
193,202,190,,1
196,204,193,,1
199,206,194,,1
199,205,194,,1
203,206,196,,1
205,208,198,,1
208,211,201,,1
208,213,202,,1
206,212,200,,1
209,215,203,,1
211,217,205,,1
213,219,208,,1
209,216,204,,1
207,214,202,,1
205,211,200,,1
204,210,199,,1
204,209,196,,1
202,205,189,,1
199,201,185,,1
197,196,181,,1
196,193,179,,1
198,190,178,,0
193,183,171,,0
181,168,157,,0
127,110,99,,0
114,98,89,,0
77,65,65,,0
103,99,94,,0
148,143,134,,0
184,179,167,,0
195,192,177,,0
201,199,184,,1
201,202,186,,1
201,204,188,,1
205,208,192,,1
210,213,198,,1
213,216,201,,1
213,216,201,,1
214,217,203,,1
214,216,205,,1
213,215,204,,1
213,213,200,,1
214,211,193,,1
212,211,190,,1
210,209,187,,1
210,209,184,,1
209,208,185,,1
210,209,188,,1
212,211,193,,1
214,212,198,,1
215,213,201,,1
217,215,200,,1
214,213,196,,1
210,210,192,,1
210,211,192,,1
210,212,193,,1
210,213,194,,1
207,210,194,,1
207,211,197,,1
205,209,196,,1
204,205,194,,1
198,199,188,,1
199,202,189,,1
197,200,187,,1
200,203,189,,1
200,203,189,,1
199,202,188,,1
200,202,190,,1
207,210,200,,1
208,211,200,,1
209,211,198,,1
203,205,191,,1
201,203,189,,1
207,210,197,,1
208,211,199,,1
205,209,197,,1
202,208,196,,1
196,202,192,,1
189,197,186,,1
189,196,184,,1
187,194,182,,0
187,195,182,,0
190,198,185,,1
193,199,187,,1
194,198,187,,1
203,206,195,,1
204,207,196,,1
206,209,198,,1
206,211,200,,1
206,212,201,,1
208,214,202,,1
209,215,203,,1
209,215,203,,1
207,213,200,,1
208,213,200,,1
207,212,199,,1
205,210,197,,1
204,207,194,,1
202,204,189,,1
201,201,185,,1
201,197,182,,1
200,195,180,,1
194,185,171,,0
190,178,166,,0
137,123,112,,0
125,110,102,,0
93,78,71,,0
53,44,44,,0
76,75,73,,0
120,116,111,,0
169,165,154,,0
190,186,173,,0
199,195,181,,1
202,199,185,,1
201,201,188,,1
205,205,192,,1
209,210,196,,1
212,212,198,,1
209,210,196,,1
211,212,198,,1
214,214,201,,1
213,213,199,,1
211,210,193,,1
213,208,186,,1
213,209,185,,1
211,207,182,,1
207,205,178,,1
206,204,179,,1
208,206,184,,1
210,209,190,,1
211,210,195,,1
215,213,201,,1
217,215,199,,1
214,212,194,,1
211,210,193,,1
212,210,193,,1
210,211,194,,1
209,211,195,,1
207,208,194,,1
206,209,195,,1
204,208,194,,1
207,206,194,,1
202,200,188,,1
200,198,185,,1
196,195,179,,1
194,194,176,,1
195,197,180,,1
197,199,184,,1
199,201,189,,1
207,209,199,,1
207,210,199,,1
210,212,198,,1
209,211,197,,1
207,209,196,,1
209,212,199,,1
207,211,198,,1
204,208,197,,1
200,206,194,,1
195,201,191,,1
188,195,184,,1
184,190,178,,0
183,188,176,,0
179,184,172,,0
183,189,176,,0
186,192,179,,0
191,194,183,,1
203,206,194,,1
204,207,195,,1
205,208,196,,1
206,210,200,,1
206,212,202,,1
206,212,202,,1
206,212,200,,1
207,213,200,,1
207,211,197,,1
208,211,197,,1
208,212,198,,1
207,209,195,,1
202,204,190,,1
201,203,189,,1
200,197,182,,1
203,198,181,,1
200,192,176,,1
199,187,173,,0
168,154,142,,0
105,91,82,,0
111,96,90,,0
68,54,51,,0
61,63,62,,0
87,86,82,,0
140,136,126,,0
187,181,168,,0
199,192,175,,1
199,195,178,,1
200,198,185,,1
204,202,188,,1
208,206,192,,1
208,207,191,,1
209,207,190,,1
210,209,193,,1
210,208,192,,1
210,208,192,,1
211,207,188,,1
215,208,183,,1
211,203,177,,1
205,199,171,,1
205,200,172,,1
206,202,175,,1
210,206,182,,1
212,209,190,,1
209,208,192,,1
215,213,200,,1
210,207,190,,1
208,205,187,,1
210,207,191,,1
212,210,195,,1
212,210,195,,1
212,212,198,,1
206,207,193,,1
204,206,192,,1
206,208,194,,1
209,207,192,,1
202,197,182,,1
197,193,175,,1
192,189,169,,0
187,185,163,,0
184,185,164,,0
194,195,177,,1
203,205,190,,1
209,210,200,,1
207,208,199,,1
208,210,197,,1
208,210,196,,1
208,210,197,,1
207,211,197,,1
206,210,198,,1
205,209,197,,1
199,205,194,,1
197,203,193,,1
185,192,181,,0
175,178,166,,0
175,176,163,,0
166,169,155,,0
173,176,162,,0
185,189,175,,0
189,193,179,,0
197,201,187,,1
199,203,189,,1
206,210,197,,1
202,208,196,,1
204,212,201,,1
204,212,201,,1
205,211,199,,1
207,211,197,,1
209,212,198,,1
207,209,195,,1
205,207,191,,1
207,208,192,,1
201,202,186,,1
201,201,187,,1
201,197,181,,1
204,197,179,,1
199,187,171,,0
190,174,158,,0
110,95,81,,0
93,80,70,,0
98,86,80,,0
58,62,62,,0
66,68,63,,0
118,116,105,,0
154,149,131,,0
200,192,171,,1
196,190,171,,0
200,197,181,,1
200,197,181,,1
201,198,181,,1
198,196,177,,1
202,200,180,,1
209,207,186,,1
209,207,186,,1
207,204,184,,1
211,205,181,,1
209,199,172,,1
199,188,160,,0
191,182,152,,0
199,191,162,,0
209,203,175,,1
207,202,178,,1
209,206,187,,1
210,207,193,,1
209,207,194,,1
206,203,184,,1
209,206,186,,1
211,208,191,,1
214,211,197,,1
217,215,202,,1
208,206,194,,1
202,202,190,,1
207,208,194,,1
203,206,189,,1
202,198,181,,1
199,191,172,,0
192,185,163,,0
182,177,150,,0
171,170,140,,0
179,178,150,,0
192,193,170,,0
199,201,183,,1
205,207,194,,1
208,210,198,,1
208,210,197,,1
210,212,198,,1
209,211,197,,1
205,208,194,,1
204,208,195,,1
203,207,196,,1
197,203,191,,1
194,200,190,,1
183,190,179,,0
168,170,158,,0
157,158,145,,0
144,145,131,,0
150,152,138,,0
178,180,166,,0
188,192,177,,0
191,195,180,,1
192,198,183,,1
200,207,191,,1
198,205,193,,1
200,207,198,,1
204,212,200,,1
205,211,199,,1
206,210,196,,1
208,211,196,,1
210,211,196,,1
206,205,189,,1
206,204,186,,1
203,201,184,,1
196,195,180,,1
199,195,178,,1
196,188,170,,0
198,184,166,,0
138,121,104,,0
86,68,55,,0
103,88,79,,0
56,63,63,,0
59,62,56,,0
86,85,71,,0
139,134,114,,0
179,169,145,,0
200,191,170,,0
197,192,173,,0
200,195,176,,1
204,199,179,,1
203,198,177,,1
201,197,174,,1
200,196,172,,1
206,202,176,,1
204,200,174,,1
196,190,162,,0
194,181,152,,0
183,170,140,,0
182,171,140,,0
196,186,156,,0
208,201,172,,1
206,201,176,,1
211,206,186,,1
211,208,191,,1
205,203,189,,1
203,200,181,,1
211,206,187,,1
212,208,193,,1
210,207,193,,1
208,205,194,,1
203,200,191,,1
207,205,193,,1
204,204,189,,1
199,200,183,,1
203,197,178,,1
198,188,164,,0
185,178,150,,0
174,168,136,,0
171,168,132,,0
186,186,153,,0
199,200,171,,1
201,202,182,,1
203,204,189,,1
205,207,194,,1
207,209,195,,1
204,206,192,,1
202,204,191,,1
202,205,192,,1
203,206,194,,1
201,205,193,,1
195,201,189,,1
191,197,187,,1
179,186,175,,0
156,156,144,,0
141,139,126,,0
115,115,101,,0
132,133,119,,0
153,155,141,,0
175,177,163,,0
181,185,170,,0
187,193,178,,0
194,201,185,,1
195,203,191,,1
196,205,195,,1
201,209,197,,1
203,209,197,,1
204,207,193,,1
204,205,190,,1
206,205,189,,1
202,200,182,,1
203,199,180,,1
201,198,180,,1
199,196,182,,1
198,192,175,,1
202,191,172,,1
173,156,137,,0
89,70,52,,0
91,72,58,,0
62,66,58,,0
72,71,56,,0
124,118,96,,0
144,135,108,,0
187,179,155,,0
191,185,165,,0
195,190,169,,0
200,196,173,,1
201,197,172,,1
194,190,163,,0
192,188,159,,0
196,192,163,,0
189,185,155,,0
179,172,141,,0
180,165,135,,0
175,160,129,,0
186,174,142,,0
199,189,158,,0
205,197,167,,1
204,198,173,,1
210,206,184,,1
205,202,185,,1
201,198,183,,1
201,197,177,,1
202,197,178,,1
204,199,183,,1
205,200,188,,1
203,199,190,,1
204,201,192,,1
206,204,192,,1
205,205,190,,1
200,201,183,,1
200,194,173,,1
198,187,161,,0
191,181,151,,0
183,176,140,,0
185,181,143,,0
193,191,154,,0
199,199,167,,1
202,203,180,,1
206,207,190,,1
205,207,193,,1
205,207,193,,1
204,206,192,,1
203,206,193,,1
203,207,193,,1
201,204,192,,1
199,203,192,,1
195,201,189,,1
190,196,186,,1
175,182,170,,0
141,140,128,,0
108,104,92,,0
102,100,86,,0
108,107,92,,0
124,124,110,,0
157,159,144,,0
174,178,162,,0
186,192,176,,0
190,196,180,,1
196,203,191,,1
197,206,197,,1
199,207,196,,1
201,206,194,,1
202,206,192,,1
201,203,187,,1
201,201,183,,1
202,199,179,,1
205,201,181,,1
201,196,178,,1
202,199,185,,1
205,198,182,,1
186,173,155,,0
119,100,81,,0
83,61,42,,0
80,75,62,,0
83,73,53,,0
105,92,68,,0
150,138,115,,0
185,177,156,,0
189,182,162,,0
195,190,169,,0
197,193,170,,1
188,185,161,,0
193,190,161,,0
186,183,151,,0
174,168,134,,0
173,165,129,,0
167,155,121,,0
175,164,130,,0
191,180,149,,0
201,191,163,,0
202,193,167,,1
202,193,170,,1
204,197,174,,1
201,194,173,,1
198,193,171,,1
199,195,169,,1
198,195,172,,1
203,200,181,,1
204,200,188,,1
207,203,194,,1
205,201,193,,1
205,203,190,,1
206,205,188,,1
202,202,180,,1
198,193,168,,1
197,189,159,,0
191,182,149,,0
187,179,143,,0
187,182,143,,0
195,192,155,,0
200,197,166,,1
201,200,177,,1
203,205,187,,1
203,206,191,,1
202,207,192,,1
197,202,187,,1
199,202,190,,1
204,207,195,,1
201,204,194,,1
200,203,193,,1
198,201,190,,1
191,196,183,,1
177,181,167,,0
138,135,119,,0
94,86,69,,0
105,95,79,,0
95,86,69,,0
110,106,88,,0
142,144,125,,0
169,173,154,,0
183,187,170,,0
189,190,176,,0
197,199,189,,1
197,200,193,,1
200,203,191,,1
203,207,191,,1
201,204,185,,1
199,202,180,,1
198,199,177,,1
199,199,177,,1
202,201,180,,1
196,195,177,,1
200,198,186,,1
194,187,172,,0
135,119,99,,0
93,69,44,,0
81,69,55,,0
91,76,59,,0
110,95,76,,0
155,142,123,,0
194,185,167,,0
196,190,171,,0
194,191,172,,0
197,195,173,,1
195,192,166,,0
190,185,155,,0
183,177,142,,0
180,172,134,,0
180,172,135,,0
182,174,140,,0
190,181,152,,0
197,187,162,,0
200,189,166,,0
202,191,168,,1
194,184,159,,0
185,175,147,,0
192,185,154,,0
199,195,166,,1
203,201,176,,1
211,208,190,,1
208,204,192,,1
209,205,196,,1
211,206,198,,1
210,206,193,,1
207,204,184,,1
201,199,174,,1
198,193,165,,0
195,189,156,,0
187,181,145,,0
192,184,146,,0
191,183,146,,0
196,190,155,,0
199,195,165,,1
200,199,175,,1
200,203,183,,1
202,208,191,,1
200,209,191,,1
199,205,191,,1
202,208,195,,1
205,209,199,,1
202,205,196,,1
200,203,193,,1
198,200,188,,1
190,192,179,,0
177,179,162,,0
152,147,127,,0
128,116,98,,0
118,102,82,,0
101,84,64,,0
116,107,85,,0
133,134,110,,0
163,169,146,,0
182,186,167,,0
190,187,173,,0
193,189,178,,0
196,195,184,,1
199,198,183,,1
198,199,178,,1
200,201,178,,1
200,203,177,,1
195,198,173,,1
200,203,179,,1
191,194,174,,0
195,197,183,,1
191,192,185,,0
134,127,116,,0
112,94,74,,0
80,67,57,,0
100,86,71,,0
124,109,93,,0
164,153,136,,0
196,188,171,,0
194,189,171,,0
198,195,175,,1
196,193,168,,0
199,193,165,,1
199,192,160,,0
191,183,150,,0
183,174,141,,0
186,177,145,,0
192,183,154,,0
194,185,158,,0
197,187,162,,0
196,186,158,,0
181,172,143,,0
176,168,135,,0
191,184,149,,0
201,197,171,,1
208,205,184,,1
214,210,195,,1
211,207,196,,1
211,207,198,,1
214,209,199,,1
212,208,192,,1
205,202,182,,1
198,196,169,,1
198,193,162,,0
194,188,154,,0
190,184,146,,0
195,187,148,,0
192,185,146,,0
197,192,155,,0
199,196,164,,1
201,200,174,,1
201,205,183,,1
202,208,190,,1
202,211,192,,1
205,212,197,,1
210,216,203,,1
207,211,201,,1
204,207,198,,1
201,204,194,,1
197,199,188,,1
189,191,178,,0
177,179,163,,0
159,154,137,,0
136,124,108,,0
109,93,75,,0
100,85,64,,0
110,102,79,,0
127,129,103,,0
153,158,134,,0
176,179,157,,0
186,183,165,,0
187,182,166,,0
191,188,170,,0
192,190,169,,0
193,192,169,,0
198,198,173,,1
197,198,174,,1
195,196,175,,1
190,191,172,,0
191,192,177,,0
179,180,172,,0
102,104,103,,0
75,70,64,,0
86,73,65,,0
118,103,89,,0
117,104,90,,0
147,138,123,,0
186,180,163,,0
195,189,170,,0
198,193,171,,1
202,197,170,,1
203,197,168,,1
202,196,167,,1
194,184,156,,0
184,175,147,,0
181,172,144,,0
186,179,151,,0
194,188,159,,0
182,175,143,,0
172,163,128,,0
185,178,138,,0
198,191,153,,0
203,197,173,,1
209,203,188,,1
210,203,192,,1
212,205,195,,1
211,204,194,,1
212,206,194,,1
210,205,187,,1
204,199,176,,1
196,193,164,,0
196,192,160,,0
195,189,153,,0
193,187,148,,0
193,186,145,,0
192,184,143,,0
199,194,155,,0
199,196,162,,1
202,202,174,,1
204,207,185,,1
204,210,190,,1
203,211,193,,1
202,209,194,,1
207,213,201,,1
207,211,201,,1
208,211,202,,1
204,207,197,,1
200,202,191,,1
192,194,181,,1
181,183,167,,0
157,153,139,,0
119,108,93,,0
96,80,64,,0
102,88,68,,0
105,97,73,,0
125,127,98,,0
142,147,119,,0
163,165,140,,0
177,173,152,,0
179,173,149,,0
179,174,147,,0
182,178,150,,0
191,187,160,,0
193,191,167,,0
191,189,168,,0
193,191,174,,0
189,188,176,,0
160,160,152,,0
86,87,85,,0
52,56,59,,0
112,96,86,,0
109,95,84,,0
109,98,86,,0
167,159,143,,1
196,189,171,,0
197,192,172,,0
199,194,173,,1
199,196,172,,1
198,193,169,,1
199,193,168,,1
192,185,159,,0
179,172,145,,0
179,172,143,,0
186,180,147,,0
170,164,127,,0
164,159,118,,0
184,180,135,,0
198,193,151,,0
203,197,176,,1
208,202,190,,1
206,199,188,,1
210,204,193,,1
210,204,193,,1
209,203,189,,1
208,203,183,,1
204,199,174,,1
199,195,165,,1
198,192,159,,0
197,192,155,,0
196,190,151,,0
189,181,140,,0
189,182,139,,0
201,196,156,,1
201,197,162,,1
204,204,175,,1
207,210,187,,1
205,211,191,,1
203,212,194,,1
202,208,194,,1
207,213,201,,1
206,210,200,,1
208,211,202,,1
204,207,197,,1
200,202,190,,1
193,195,182,,1
184,186,170,,0
165,162,148,,0
132,124,109,,0
113,98,82,,0
109,95,75,,0
112,105,79,,0
120,121,91,,0
140,145,114,,0
154,156,127,,0
164,159,134,,0
161,154,125,,0
167,161,126,,0
174,168,136,,0
180,175,146,,0
187,183,161,,0
190,187,171,,0
189,186,176,,0
161,160,155,,0
87,85,85,,0
52,53,57,,0
48,55,62,,0
83,70,59,,0
104,93,81,,0
153,145,129,,0
189,183,167,,0
197,194,176,,1
198,198,179,,1
203,200,181,,1
204,197,178,,1
202,196,173,,1
197,191,165,,0
185,180,150,,0
177,172,138,,0
162,158,120,,0
169,165,124,,0
185,181,137,,0
194,190,149,,0
203,197,175,,1
207,199,185,,1
206,199,185,,1
208,201,187,,1
211,204,188,,1
206,199,180,,1
203,197,174,,1
201,197,168,,1
197,192,160,,0
198,192,159,,0
197,191,156,,0
191,185,147,,0
185,178,137,,0
191,184,142,,0
195,189,151,,0
200,195,162,,1
202,201,173,,1
202,205,183,,1
204,210,190,,1
201,209,192,,1
198,204,190,,1
204,210,198,,1
206,210,200,,1
203,206,197,,1
205,207,198,,1
198,200,189,,1
190,192,179,,0
186,188,172,,0
173,172,157,,0
153,147,131,,0
130,116,100,,0
115,102,81,,0
107,100,74,,0
120,121,91,,0
137,141,109,,0
146,146,117,,0
149,143,116,,0
156,149,118,,0
159,153,118,,0
172,166,135,,0
178,172,146,,0
183,179,162,,0
173,170,159,,0
118,115,110,,0
72,71,71,,0
58,58,61,,0
54,58,63,,0
93,83,71,,0
129,122,109,,0
174,171,159,,0
199,201,186,,1
198,198,184,,1
205,199,183,,1
205,198,179,,1
204,198,174,,1
192,187,158,,0
181,177,144,,0
173,169,132,,0
180,176,137,,0
190,187,146,,0
200,196,158,,1
206,200,176,,1
205,198,179,,1
206,200,179,,1
206,200,179,,1
205,198,177,,1
202,196,171,,1
199,194,166,,1
199,194,164,,1
199,194,162,,1
202,196,164,,1
197,191,158,,0
189,183,147,,0
188,180,141,,0
191,183,144,,0
196,190,154,,0
202,198,166,,1
205,204,178,,1
201,205,185,,1
202,207,190,,1
200,209,191,,1
202,208,193,,1
203,209,197,,1
204,208,198,,1
203,206,197,,1
202,205,195,,1
195,197,186,,1
190,192,179,,0
185,187,171,,0
172,173,154,,0
154,150,130,,0
135,124,105,,0
119,106,84,,0
114,107,80,,0
111,112,81,,0
129,132,101,,0
145,144,117,,0
149,141,117,,0
154,145,119,,0
157,151,123,,0
173,167,143,,0
186,181,163,,0
162,159,148,,0
94,94,87,,0
57,59,57,,0
48,51,52,,0
52,56,59,,0
49,55,59,,0
79,70,60,,0
118,116,105,,0
163,165,157,,0
187,187,178,,0
201,196,183,,1
202,196,179,,1
203,198,176,,1
198,193,166,,1
190,187,155,,0
186,182,147,,0
187,183,147,,0
188,184,150,,0
196,191,160,,0
206,200,172,,1
206,199,172,,1
205,198,171,,1
197,190,162,,0
186,181,151,,0
191,186,155,,0
195,189,157,,0
198,193,161,,0
205,199,167,,1
206,199,170,,1
196,190,161,,0
191,184,152,,0
192,184,148,,0
193,185,149,,0
198,192,158,,0
205,200,172,,1
208,206,184,,1
203,205,189,,1
201,205,191,,1
201,209,191,,1
204,210,196,,1
201,207,194,,1
200,204,194,,1
202,205,196,,1
200,202,193,,1
194,196,184,,1
190,192,179,,0
181,184,167,,0
172,174,152,,0
156,152,130,,0
141,131,107,,0
119,108,82,,0
119,113,84,,0
139,139,109,,0
146,149,119,,0
145,142,117,,0
147,137,115,,0
152,142,122,,0
171,165,145,,0
175,169,153,,0
136,132,122,,0
78,76,72,,0
65,67,64,,0
53,58,58,,0
45,52,53,,0
86,89,84,,0
137,139,132,,0
183,178,167,,0
198,192,176,,1
199,195,173,,1
196,192,165,,0
196,192,162,,0
193,190,158,,0
189,186,155,,0
188,184,156,,0
191,186,158,,0
192,187,156,,0
194,188,153,,0
192,186,151,,0
185,179,145,,0
180,174,138,,0
185,179,145,,0
194,188,153,,0
195,189,157,,0
202,195,164,,1
200,193,165,,1
198,191,164,,0
197,190,161,,0
198,189,157,,0
199,190,158,,0
201,194,164,,1
206,200,175,,1
207,205,186,,1
203,205,192,,1
203,208,195,,1
202,210,193,,1
199,205,191,,1
197,203,191,,1
196,200,190,,1
194,197,188,,1
196,199,189,,1
192,194,183,,1
183,185,172,,0
170,173,155,,0
160,164,138,,0
146,145,116,,0
139,130,102,,0
155,144,116,,0
157,151,122,,0
151,151,120,,0
153,155,127,,0
154,150,128,,0
161,150,133,,0
168,157,144,,0
140,134,124,,0
93,88,81,,0
53,51,48,,0
48,48,51,,0
43,47,49,,0
88,89,84,,0
131,126,118,,0
168,162,149,,0
189,184,167,,0
198,193,172,,1
200,195,171,,1
197,193,167,,0
195,190,165,,0
196,191,168,,0
196,191,166,,0
191,186,152,,0
187,181,142,,0
180,172,131,,0
177,170,128,,0
179,171,129,,0
188,180,141,,0
196,188,151,,0
192,186,154,,0
193,187,158,,0
192,187,160,,0
196,191,165,,0
200,196,168,,1
199,193,164,,1
200,194,166,,1
201,196,169,,1
204,200,177,,1
204,202,183,,1
204,204,190,,1
206,209,195,,1
202,208,193,,1
196,201,187,,1
197,200,186,,1
195,197,183,,1
189,190,175,,0
196,196,181,,1
191,189,173,,0
179,176,160,,0
164,162,142,,0
158,156,127,,0
152,146,115,,0
148,137,109,,0
158,146,119,,0
151,143,117,,0
156,154,128,,0
157,156,134,,0
168,163,145,,0
159,150,138,,0
117,110,103,,0
66,65,60,,0
52,51,49,,0
68,63,57,,0
90,84,77,,0
125,120,111,,0
165,161,149,,0
199,195,180,,1
205,201,183,,1
201,197,179,,1
198,194,174,,1
189,186,162,,0
184,179,143,,0
183,177,133,,0
184,174,129,,0
185,173,126,,0
179,166,119,,0
187,173,131,,0
191,180,143,,0
190,181,152,,0
192,186,162,,0
189,186,162,,0
183,182,155,,0
174,173,146,,0
193,192,166,,0
192,191,167,,0
199,199,174,,1
200,199,177,,1
199,198,177,,1
202,201,180,,1
204,205,186,,1
199,201,188,,1
193,196,181,,1
190,191,172,,0
187,187,165,,0
183,180,154,,0
194,189,162,,0
185,178,152,,0
184,176,152,,0
178,168,143,,0
176,162,133,,0
163,147,117,,0
153,137,110,,0
145,132,109,,0
157,147,129,,0
164,158,142,,0
164,160,149,,0
128,125,117,,0
80,77,73,,0
49,49,48,,0
71,68,63,,0
119,116,110,,0
123,121,113,,0
133,131,119,,0
174,173,159,,0
195,194,178,,1
199,198,181,,1
194,193,173,,0
197,193,162,,0
192,186,148,,0
194,184,144,,0
189,176,134,,0
187,175,131,,0
193,181,140,,0
195,184,150,,0
193,186,157,,0
194,189,164,,0
191,189,163,,0
175,174,146,,0
142,141,113,,0
186,184,159,,0
192,190,165,,0
188,186,163,,0
191,189,168,,0
193,191,170,,0
194,192,171,,0
194,193,174,,0
186,191,176,,0
189,193,176,,0
188,192,170,,0
193,195,170,,1
197,197,168,,1
196,193,164,,0
190,185,156,,0
182,176,147,,0
174,165,140,,0
166,152,126,,0
169,155,129,,0
156,142,120,,0
152,141,121,,0
156,148,132,,0
126,121,109,,1
71,67,60,,0
51,50,46,,0
54,55,53,,0
59,59,56,,0
65,65,61,,0
59,59,53,,0
76,77,68,,0
117,118,107,,0
151,152,139,,0
186,186,171,,0
196,192,169,,0
193,188,160,,0
193,186,154,,0
192,183,147,,0
194,184,146,,0
193,182,146,,0
194,185,153,,0
196,189,162,,0
195,190,166,,0
196,191,168,,0
187,183,156,,0
191,187,161,,0
194,190,165,,0
198,194,170,,1
193,189,167,,0
198,193,172,,1
200,196,175,,1
199,195,175,,1
199,197,178,,1
199,203,186,,1
195,200,180,,1
189,193,170,,0
191,193,167,,0
190,190,161,,0
189,187,157,,0
190,186,157,,0
176,170,143,,0
172,164,139,,0
176,167,145,,0
170,161,142,,0
148,140,123,,0
113,106,92,,0
75,71,60,,0
55,54,47,,0
55,57,51,,0
54,57,54,,0
50,52,47,,0
52,55,48,,0
66,69,61,,0
100,103,94,,0
146,145,131,,0
175,171,154,,1
188,183,162,,0
198,192,166,,0
192,184,155,,1
193,186,156,,0
192,186,158,,0
196,190,166,,0
193,187,165,,0
190,184,161,,0
193,188,163,,0
199,194,171,,1
196,190,168,,0
201,195,174,,1
201,194,175,,1
204,197,179,,1
203,197,179,,1
202,196,178,,1
201,196,178,,1
191,189,173,,0
187,185,167,,0
190,186,166,,0
195,190,167,,0
195,190,164,,0
190,183,157,,1
183,175,149,,0
180,170,147,,0
181,171,149,,0
154,147,132,,1
108,103,91,,0
72,68,57,,0
43,49,46,,0
50,55,51,,0
64,65,58,,0
80,78,69,,0
95,92,80,,0
138,136,119,,0
181,178,158,,0
196,192,171,,1
196,192,171,,0
199,193,173,,1
190,183,165,,0
188,182,163,,1
198,192,172,,1
191,185,166,,0
198,192,173,,1
197,190,172,,0
196,190,173,,0
199,193,177,,1
200,194,179,,1
198,191,177,,1
197,189,175,,0
199,186,176,,0
194,181,168,,1
198,185,168,,0
198,184,166,,1
190,176,156,,0
186,172,152,,0
176,160,142,,0
155,138,121,,1
113,97,83,,0
63,57,50,,0
48,48,42,,0
55,56,53,,0
59,60,56,,0
54,55,48,,0
64,66,55,,0
78,77,65,,0
96,93,81,,0
122,116,104,,0
139,132,121,,0
154,147,134,,0
154,151,136,,0
157,153,138,,0
157,153,139,,0
161,157,144,,1
177,173,161,,0
185,181,170,,0
188,184,174,,1
188,184,173,,0
191,182,174,,1
189,172,165,,0
182,163,155,,0
172,154,143,,0
162,144,130,,0
143,125,110,,0
131,112,99,,0
133,115,102,,0
108,88,79,,0
63,57,53,,0
71,61,59,,0
90,84,77,,0
97,97,85,,0
113,112,102,,0
119,118,108,,0
135,134,125,,0
123,122,115,,0
135,134,128,,0
138,137,131,,0
126,125,120,,0
126,120,116,,0
129,115,111,,0
